id,device_id,status,temperature,humidity,light_intensity,noise_level,timestamp,count
1,3,ON,25.7,37,198,1,"2025-04-14 15:41:38",3
2,1,ON,25.4,32,305,0,"2025-04-14 15:42:15",8
3,1,ON,25,32,305,0,"2025-04-14 15:42:25",9
4,3,ON,25.5,37,199,1,"2025-04-14 15:42:29",6
5,3,ON,25.4,37,199,1,"2025-04-14 15:42:49",8
6,3,ON,25.4,37,199,1,"2025-04-14 15:42:59",9
7,3,ON,25.4,37,198,0,"2025-04-14 15:43:00",1
8,1,ON,25.8,32,307,1,"2025-04-14 15:43:07",5
9,1,ON,25.1,32,307,0,"2025-04-14 15:43:17",6
10,3,ON,25.3,37,201,1,"2025-04-14 15:43:20",3
11,1,ON,25.4,32,308,0,"2025-04-14 15:43:27",7
12,3,ON,25.3,37,197,0,"2025-04-14 15:43:30",4
13,1,ON,25.4,32,309,1,"2025-04-14 15:43:37",8
14,1,ON,25.9,32,309,1,"2025-04-14 15:43:38",1
15,3,ON,25.2,37,199,1,"2025-04-14 15:43:40",5
16,1,ON,25.4,32,311,1,"2025-04-14 15:43:49",1
17,3,ON,25.2,37,199,0,"2025-04-14 15:43:50",6
18,3,ON,25.2,37,200,1,"2025-04-14 15:43:52",1
19,1,ON,25.8,32,312,1,"2025-04-14 15:43:53",1
20,3,ON,25.1,38,198,0,"2025-04-14 15:44:02",2
21,3,ON,25.1,38,199,1,"2025-04-14 15:44:12",3
22,3,ON,25,38,197,0,"2025-04-14 15:44:22",4
23,1,ON,25.8,33,259,0,"2025-04-14 15:44:32",5
24,1,ON,25.6,33,260,0,"2025-04-14 15:44:42",6
25,1,ON,25.1,33,221,1,"2025-04-14 15:44:52",7
26,3,ON,25,38,198,0,"2025-04-14 15:44:53",4
27,3,ON,25,38,198,0,"2025-04-14 15:44:54",1
28,3,ON,25,38,204,1,"2025-04-14 15:45:05",2
29,3,ON,25,38,204,0,"2025-04-14 15:45:05",1
30,1,ON,25.6,33,319,1,"2025-04-14 15:45:25",4
31,1,ON,25.7,33,316,1,"2025-04-14 15:45:36",5
32,1,ON,25.7,33,318,1,"2025-04-14 15:45:46",2
33,3,ON,25,38,213,1,"2025-04-14 15:45:47",2
34,1,ON,25.5,33,316,0,"2025-04-14 15:45:56",3
35,3,ON,24.9,40,213,1,"2025-04-14 15:45:57",3
36,1,ON,25.4,33,314,0,"2025-04-14 15:46:07",4
37,3,ON,24.9,40,206,0,"2025-04-14 15:46:07",4
38,3,ON,24.9,40,204,0,"2025-04-14 15:46:17",5
39,3,ON,24.9,40,205,1,"2025-04-14 15:46:18",1
40,1,ON,25.2,33,309,1,"2025-04-14 15:46:27",6
41,1,ON,25.9,33,306,0,"2025-04-14 15:46:37",7
42,1,ON,25.7,33,305,1,"2025-04-14 15:46:47",8
43,1,ON,25.3,33,304,0,"2025-04-14 15:46:57",9
44,1,ON,25.6,33,305,0,"2025-04-14 15:47:07",10
45,1,ON,25.9,33,304,1,"2025-04-14 15:47:17",11
46,1,ON,25.6,33,304,0,"2025-04-14 15:47:18",1
47,3,ON,24.8,40,204,1,"2025-04-14 15:47:18",7
48,1,ON,25.8,33,234,1,"2025-04-14 15:47:28",2
49,3,ON,24.8,40,197,0,"2025-04-14 15:47:28",8
50,3,ON,24.8,40,197,1,"2025-04-14 15:47:29",1
51,1,ON,25,33,305,0,"2025-04-14 15:47:38",3
52,3,ON,24.7,40,201,0,"2025-04-14 15:47:39",2
53,1,ON,25.6,33,305,1,"2025-04-14 15:47:48",4
54,1,ON,25.1,33,306,0,"2025-04-14 15:47:50",1
55,3,ON,24.7,40,204,0,"2025-04-14 15:48:00",3
56,1,ON,25.4,33,306,1,"2025-04-14 15:48:01",2
57,3,ON,24.7,40,196,1,"2025-04-14 15:48:10",4
58,1,ON,25.5,33,294,0,"2025-04-14 15:48:11",3
59,3,ON,24.7,40,177,0,"2025-04-14 15:48:20",5
60,1,ON,25.2,33,295,1,"2025-04-14 15:48:21",4
61,3,ON,24.7,39,172,1,"2025-04-14 15:48:40",7
62,1,ON,25.1,33,110,0,"2025-04-14 15:49:01",8
63,2,ON,24.8,43,202,1,"2025-04-14 15:49:06",1
64,1,ON,25.6,34,307,1,"2025-04-14 15:49:11",9
65,1,ON,25.6,34,315,0,"2025-04-14 15:49:12",1
66,1,ON,25.1,33,312,1,"2025-04-14 15:49:33",2
67,1,ON,25.3,32,310,0,"2025-04-14 15:49:43",3
68,2,ON,24.8,43,298,1,"2025-04-14 15:49:54",3
69,2,ON,24.8,43,296,1,"2025-04-14 15:49:55",1
70,3,ON,24.4,39,208,1,"2025-04-14 15:50:07",2
71,3,ON,24.3,39,204,0,"2025-04-14 15:50:28",4
72,1,ON,25.9,2,4,1,"2025-04-14 15:50:28",4
73,2,ON,25.3,43,295,1,"2025-04-14 15:50:28",4
74,1,ON,25.4,32,310,1,"2025-04-14 15:50:29",1
75,2,ON,25,43,295,1,"2025-04-14 15:50:30",1
76,3,ON,24.2,39,206,0,"2025-04-14 15:50:42",1
77,1,ON,25.4,32,299,0,"2025-04-14 15:50:43",1
78,2,ON,25.3,43,291,1,"2025-04-14 15:50:52",3
79,3,ON,24.2,39,210,0,"2025-04-14 15:50:53",2
80,2,ON,24.8,43,286,1,"2025-04-14 15:51:02",4
81,3,ON,24.2,39,210,1,"2025-04-14 15:51:03",3
82,1,ON,25.3,32,310,0,"2025-04-14 15:51:04",3
83,1,ON,25,32,310,0,"2025-04-14 15:51:04",1
84,3,ON,24.2,39,210,0,"2025-04-14 15:51:06",1
85,1,ON,25.3,32,310,0,"2025-04-14 15:51:07",1
86,3,ON,34,1,3,0,"2025-04-14 15:51:08",1
87,1,ON,25.4,32,309,0,"2025-04-14 15:51:18",2
88,1,ON,25.4,32,309,1,"2025-04-14 15:51:19",1
89,3,ON,24.1,3,3,0,"2025-04-14 15:51:28",3
90,1,ON,25.3,32,308,0,"2025-04-14 15:51:29",2
91,3,ON,24.1,39,210,1,"2025-04-14 15:51:29",1
92,2,ON,24.8,43,119,1,"2025-04-14 15:51:39",4
93,1,ON,25.1,32,160,0,"2025-04-14 15:51:39",3
94,3,ON,24.1,40,190,1,"2025-04-14 15:51:39",2
95,2,ON,24.8,43,138,1,"2025-04-14 15:51:40",1
96,1,ON,25.7,32,193,1,"2025-04-14 15:51:41",1
97,3,ON,24.1,40,205,1,"2025-04-14 15:51:52",2
98,3,ON,24.1,40,206,1,"2025-04-14 15:51:52",1
99,3,ON,24.1,40,162,0,"2025-04-14 15:52:02",2
100,1,ON,24,3,1,0,"2025-04-14 15:52:03",3
101,1,ON,25.2,32,116,0,"2025-04-14 15:52:03",1
102,3,ON,24.1,39,162,1,"2025-04-14 15:52:12",3
103,1,ON,25.2,32,186,1,"2025-04-14 15:52:13",2
104,1,ON,25.9,33,213,0,"2025-04-14 15:52:24",3
105,3,ON,24.1,40,202,0,"2025-04-14 15:52:33",5
106,3,ON,24.1,40,200,0,"2025-04-14 15:52:34",1
107,1,ON,26.1,32,210,0,"2025-04-14 15:52:43",5
108,1,ON,26.5,32,214,0,"2025-04-14 15:52:54",6
109,1,ON,26.7,32,214,1,"2025-04-14 15:52:55",1
110,3,ON,24.2,40,182,1,"2025-04-14 15:53:15",5
111,1,ON,26.6,32,219,0,"2025-04-14 15:53:25",2
112,3,ON,24.2,40,210,0,"2025-04-14 15:53:35",7
113,1,ON,26.2,32,249,0,"2025-04-14 15:53:41",1
114,1,ON,26.3,32,273,0,"2025-04-14 15:53:52",2
115,1,ON,26,32,295,0,"2025-04-14 15:54:01",3
116,1,ON,26,32,301,0,"2025-04-14 15:54:11",4
117,1,ON,26.2,32,310,1,"2025-04-14 15:54:14",1
118,3,ON,24.2,40,89,0,"2025-04-14 15:54:15",1
119,1,ON,26.3,32,344,1,"2025-04-14 15:54:34",3
120,3,ON,24.2,40,221,1,"2025-04-14 15:54:35",3
121,1,ON,26.2,32,345,0,"2025-04-14 15:54:35",1
122,3,ON,24.2,40,221,1,"2025-04-14 15:54:36",3
123,1,ON,26.4,32,335,0,"2025-04-14 15:54:55",3
124,1,ON,26.9,32,331,0,"2025-04-14 15:54:56",1
125,3,ON,24.3,40,0,1,"2025-04-14 15:54:57",1
126,3,ON,24.3,40,232,1,"2025-04-14 15:55:09",2
127,3,ON,24.3,40,231,1,"2025-04-14 15:55:10",1
128,3,ON,24.4,40,229,0,"2025-04-14 15:55:20",2
129,1,ON,26.6,32,388,0,"2025-04-14 15:55:49",6
130,3,ON,24.4,40,214,1,"2025-04-14 15:55:51",4
131,3,ON,24.4,40,231,0,"2025-04-14 15:55:52",1
132,1,ON,25.8,33,399,0,"2025-04-14 15:56:00",2
133,3,ON,24.5,40,203,1,"2025-04-14 15:56:02",2
134,1,ON,25.2,33,384,0,"2025-04-14 15:56:10",3
135,3,ON,24.5,40,73,1,"2025-04-14 15:56:12",3
136,1,ON,25.2,33,396,0,"2025-04-14 15:56:20",4
137,3,ON,24.5,40,72,1,"2025-04-14 15:56:22",4
138,1,ON,25,33,405,0,"2025-04-14 15:56:30",5
139,3,ON,24.5,40,98,0,"2025-04-14 15:56:32",5
140,3,ON,24.5,40,44,1,"2025-04-14 15:56:42",6
141,1,ON,25.3,33,77,0,"2025-04-14 15:56:52",3
142,3,ON,24.5,40,150,0,"2025-04-14 15:56:52",7
143,1,ON,26.2,33,422,0,"2025-04-14 15:57:02",1
144,1,ON,26.7,33,436,1,"2025-04-14 15:57:15",2
145,3,ON,24.6,41,175,1,"2025-04-14 15:57:23",1
146,1,ON,26.6,32,385,1,"2025-04-14 15:57:33",2
147,1,ON,26,33,474,1,"2025-04-14 15:57:53",4
148,1,ON,26.5,33,474,0,"2025-04-14 15:57:54",1
149,3,ON,24.6,40,246,1,"2025-04-14 15:57:54",4
150,1,ON,26.4,33,464,0,"2025-04-14 15:58:04",2
151,3,ON,24.7,40,253,1,"2025-04-14 15:58:06",1
152,1,ON,26.3,33,503,0,"2025-04-14 15:58:14",3
153,1,ON,26.5,33,511,0,"2025-04-14 15:58:24",4
154,3,ON,24.7,40,256,1,"2025-04-14 15:58:25",3
155,1,ON,26.5,33,520,1,"2025-04-14 15:58:34",5
156,1,ON,26.2,33,521,0,"2025-04-14 15:58:35",1
157,3,ON,24.7,40,260,0,"2025-04-14 15:58:36",4
158,3,ON,24.7,40,262,1,"2025-04-14 15:58:56",3
159,1,ON,26.3,32,538,1,"2025-04-14 15:59:05",4
160,1,ON,26.1,33,542,0,"2025-04-14 15:59:06",1
161,3,ON,24.7,40,266,1,"2025-04-14 15:59:06",4
162,1,ON,26.6,33,563,1,"2025-04-14 15:59:16",2
163,3,ON,24.7,40,267,0,"2025-04-14 15:59:16",5
164,1,ON,26.2,32,568,0,"2025-04-14 15:59:27",1
165,1,ON,26.4,32,601,1,"2025-04-14 15:59:38",2
166,3,ON,24.7,40,268,1,"2025-04-14 15:59:39",2
167,3,ON,24.7,40,268,0,"2025-04-14 15:59:39",1
168,1,ON,26,33,678,1,"2025-04-14 15:59:49",1
169,3,ON,24.7,40,275,1,"2025-04-14 15:59:50",2
170,1,ON,26.1,33,691,1,"2025-04-14 16:00:09",3
171,1,ON,26.8,32,756,0,"2025-04-14 16:00:19",4
172,1,ON,26.8,32,746,1,"2025-04-14 16:00:20",1
173,3,ON,24.8,40,287,1,"2025-04-14 16:01:00",9
174,3,ON,24.8,40,289,0,"2025-04-14 16:01:00",1
175,1,ON,26.1,32,720,0,"2025-04-14 16:01:01",5
176,1,ON,26.9,32,714,0,"2025-04-14 16:01:02",1
177,3,ON,24.8,40,296,0,"2025-04-14 16:01:11",2
178,3,ON,24.8,40,297,0,"2025-04-14 16:01:11",1
179,1,ON,26.4,32,724,1,"2025-04-14 16:01:12",2
180,3,ON,24.8,40,302,1,"2025-04-14 16:01:22",2
181,3,ON,24.8,40,310,0,"2025-04-14 16:01:52",4
182,3,ON,24.8,40,310,0,"2025-04-14 16:01:54",1
183,3,ON,24.8,40,320,0,"2025-04-14 16:02:05",2
184,1,ON,26.9,32,674,1,"2025-04-14 16:02:13",5
185,3,ON,24.8,40,325,0,"2025-04-14 16:02:14",3
186,3,ON,24.8,40,328,0,"2025-04-14 16:02:15",1
187,1,ON,26.4,32,691,1,"2025-04-14 16:02:23",6
188,3,ON,24.8,40,332,1,"2025-04-14 16:02:26",2
189,1,ON,26.2,32,640,0,"2025-04-14 16:02:33",7
190,1,ON,26.8,32,614,0,"2025-04-14 16:02:43",8
191,3,ON,24.8,40,343,0,"2025-04-14 16:02:45",4
192,3,ON,24.8,40,346,1,"2025-04-14 16:02:56",5
193,3,ON,24.8,40,347,1,"2025-04-14 16:02:56",1
194,3,ON,24.9,40,354,0,"2025-04-14 16:03:06",2
195,3,ON,24.9,40,364,0,"2025-04-14 16:03:16",3
196,1,ON,26.2,32,565,0,"2025-04-14 16:03:23",12
197,3,ON,25,39,373,0,"2025-04-14 16:03:26",4
198,1,ON,26.6,32,560,0,"2025-04-14 16:03:33",13
199,3,ON,25,39,389,1,"2025-04-14 16:03:36",5
200,3,ON,25,40,392,0,"2025-04-14 16:03:37",1
201,1,ON,26.5,32,558,1,"2025-04-14 16:03:43",14
202,1,ON,26.6,32,557,0,"2025-04-14 16:03:45",1
203,3,ON,25,39,357,1,"2025-04-14 16:03:49",1
204,1,ON,26.6,32,535,1,"2025-04-14 16:04:00",2
205,3,ON,25,39,2,3,"2025-04-14 16:04:02",2
206,1,ON,26.1,32,419,0,"2025-04-14 16:04:13",1
207,1,ON,26.7,32,391,0,"2025-04-14 16:04:23",2
208,3,ON,25,39,351,1,"2025-04-14 16:04:23",1
209,1,ON,26.1,32,342,1,"2025-04-14 16:04:31",1
210,3,ON,25,39,295,0,"2025-04-14 16:04:32",1
211,3,ON,25,39,318,0,"2025-04-14 16:04:43",2
212,3,ON,25,39,299,1,"2025-04-14 16:04:53",1
213,1,ON,26.4,32,434,0,"2025-04-14 16:05:03",4
214,3,ON,25,39,291,0,"2025-04-14 16:05:04",2
215,1,ON,26.2,32,474,1,"2025-04-14 16:05:13",5
216,3,ON,25.1,39,393,1,"2025-04-14 16:05:37",1
217,1,ON,26.8,32,322,0,"2025-04-14 16:05:45",4
218,3,ON,25.1,39,396,0,"2025-04-14 16:05:47",2
219,3,ON,25.1,39,397,1,"2025-04-14 16:05:48",1
220,1,ON,26.7,32,331,1,"2025-04-14 16:05:52",1
221,1,ON,26.1,32,335,1,"2025-04-14 16:06:02",2
222,1,ON,26.9,32,194,0,"2025-04-14 16:06:12",3
223,3,ON,25.1,39,365,0,"2025-04-14 16:06:21",4
224,1,ON,26.4,32,329,1,"2025-04-14 16:06:22",4
225,3,ON,25.1,39,399,1,"2025-04-14 16:06:31",5
226,3,ON,25.1,39,399,0,"2025-04-14 16:06:32",1
227,1,ON,26.8,32,343,0,"2025-04-14 16:06:33",2
228,3,ON,25.1,39,380,1,"2025-04-14 16:06:43",2
229,3,ON,25.2,39,410,1,"2025-04-14 16:06:52",3
230,3,ON,25.2,39,418,0,"2025-04-14 16:06:53",1
231,1,ON,26.5,32,336,1,"2025-04-14 16:07:03",5
232,1,ON,26.8,32,338,1,"2025-04-14 16:07:13",6
233,1,ON,26.7,32,330,0,"2025-04-14 16:07:14",1
234,3,ON,25.2,39,419,1,"2025-04-14 16:07:14",3
235,3,ON,25.2,39,419,0,"2025-04-14 16:07:15",1
236,3,ON,25.2,39,500,0,"2025-04-14 16:07:25",2
237,3,ON,25.2,39,498,0,"2025-04-14 16:07:25",1
238,1,ON,26.4,32,313,1,"2025-04-14 16:07:44",4
239,3,ON,25.2,38,429,1,"2025-04-14 16:07:46",3
240,1,ON,26,32,209,0,"2025-04-14 16:07:54",5
241,3,ON,25.2,38,446,1,"2025-04-14 16:07:55",4
242,1,ON,25.7,32,300,0,"2025-04-14 16:08:04",6
243,3,ON,25.2,38,470,1,"2025-04-14 16:08:05",5
244,1,ON,25.2,33,335,0,"2025-04-14 16:08:14",7
245,3,ON,25.2,38,455,1,"2025-04-14 16:08:15",6
246,1,ON,25.1,33,317,1,"2025-04-14 16:08:24",8
247,3,ON,25.2,38,440,0,"2025-04-14 16:08:26",7
248,1,ON,25.4,33,312,1,"2025-04-14 16:08:34",9
249,3,ON,25.2,38,429,0,"2025-04-14 16:08:36",8
250,1,ON,25.7,33,315,0,"2025-04-14 16:08:44",10
251,1,ON,25.7,33,313,0,"2025-04-14 16:08:45",1
252,3,ON,25.1,38,424,1,"2025-04-14 16:08:46",9
253,1,ON,25.7,33,308,1,"2025-04-14 16:08:55",2
254,1,ON,25.2,33,296,0,"2025-04-14 16:09:15",4
255,1,ON,25.5,33,287,1,"2025-04-14 16:09:35",6
256,1,ON,25.2,33,245,0,"2025-04-14 16:10:05",9
257,3,ON,25.1,40,0,0,"2025-04-14 16:10:09",1
258,3,ON,25.1,40,359,0,"2025-04-14 16:10:29",3
259,3,ON,25.2,40,0,0,"2025-04-14 16:10:38",1
260,1,ON,26.7,33,246,0,"2025-04-14 16:10:45",13
261,3,ON,25.2,40,361,0,"2025-04-14 16:10:48",2
262,1,ON,26.8,33,249,0,"2025-04-14 16:10:55",14
263,3,ON,25.4,40,363,0,"2025-04-14 16:11:10",2
264,3,ON,25.4,40,363,0,"2025-04-14 16:11:10",1
265,1,ON,26.4,33,349,0,"2025-04-14 16:11:16",3
266,3,ON,25.5,40,375,0,"2025-04-14 16:11:21",1
267,1,ON,26.3,32,354,0,"2025-04-14 16:11:27",2
268,1,ON,26.3,32,355,0,"2025-04-14 16:11:28",1
269,3,ON,25.6,40,378,0,"2025-04-14 16:11:32",1
270,3,ON,25.8,40,280,0,"2025-04-14 16:12:10",2
271,3,ON,25.8,40,295,0,"2025-04-14 16:12:20",3
272,3,ON,25.9,40,0,0,"2025-04-14 16:12:32",1
273,3,ON,26,40,18,0,"2025-04-14 16:12:47",2
274,3,ON,26,40,43,0,"2025-04-14 16:12:57",3
275,3,ON,26,40,3679,0,"2025-04-14 16:13:07",1
276,3,ON,26.3,39,370,0,"2025-04-14 16:14:11",3
277,3,ON,26.3,39,370,0,"2025-04-14 16:14:21",4
278,3,ON,26.3,39,370,0,"2025-04-14 16:14:31",5
279,3,ON,26.3,38,371,0,"2025-04-14 16:14:41",6
280,1,ON,29.1,32,8626,0,"2025-04-14 16:30:28",2
281,1,ON,30.7,30,8238,0,"2025-04-14 16:30:32",1
282,1,ON,30.6,30,13368,1,"2025-04-14 16:31:09",1
283,1,ON,30.6,30,10304,0,"2025-04-14 16:31:27",2
284,2,ON,29.3,41,2860,1,"2025-04-14 16:31:37",2
285,3,ON,29.6,36,4401,0,"2025-04-14 16:31:49",5
286,2,ON,29.3,40,1470,1,"2025-04-14 16:32:00",2
287,3,ON,29.6,37,4115,0,"2025-04-14 16:32:09",7
288,1,ON,30.3,25,11167,0,"2025-04-14 16:32:10",1
289,2,ON,29.3,40,2208,1,"2025-04-14 16:32:20",4
290,1,ON,29.4,30,14629,0,"2025-04-14 16:32:30",1
291,3,ON,2,36,4348,0,"2025-04-14 16:32:52",11
292,3,ON,29.4,35,4400,0,"2025-04-14 16:32:59",12
293,1,ON,30.5,25,17106,0,"2025-04-14 16:33:00",4
294,1,ON,30.6,32,17321,0,"2025-04-14 16:34:40",2
295,1,ON,30.5,29,12305,0,"2025-04-14 16:36:01",4
296,1,ON,30.1,33,2319,0,"2025-04-14 16:36:31",7
297,1,ON,30.9,31,1998,0,"2025-04-14 16:36:42",8
298,1,ON,30.7,27,1478,0,"2025-04-14 16:36:52",9
299,1,ON,30.1,27,6274,0,"2025-04-14 16:37:02",10
300,1,ON,31.4,21,10551,0,"2025-04-14 16:41:59",4
301,1,ON,31,20,10509,0,"2025-04-14 16:42:09",5
302,1,ON,31.4,20,7008,0,"2025-04-14 16:42:29",7
303,1,ON,31.7,23,10054,0,"2025-04-14 16:43:07",2
304,2,ON,30.2,38,2546,1,"2025-04-14 16:43:37",1
305,1,ON,30.2,37,2608,1,"2025-04-14 16:43:38",1
306,1,ON,31.4,20,767,0,"2025-04-14 16:43:41",3
307,1,ON,31.5,21,1398,0,"2025-04-14 16:43:51",4
308,1,ON,31.3,22,1934,0,"2025-04-14 16:44:12",2
309,1,ON,31.3,23,2688,0,"2025-04-14 16:44:23",3
310,3,ON,30.8,32,0,0,"2025-04-14 16:44:49",1
311,1,ON,31.8,24,4345,0,"2025-04-14 16:45:12",8
312,1,ON,31.1,23,7060,0,"2025-04-14 16:45:22",9
313,1,ON,31.5,22,7127,0,"2025-04-14 16:45:42",11
314,1,ON,31.2,23,5540,0,"2025-04-14 16:46:30",4
315,1,ON,32.2,24,10429,0,"2025-04-14 16:47:40",3
316,1,ON,32.9,23,11592,0,"2025-04-14 16:47:52",1
317,1,ON,32.3,24,5167,0,"2025-04-14 16:48:12",2
318,2,ON,29.8,39,2669,1,"2025-04-14 16:48:42",1
319,1,ON,32.2,24,6157,0,"2025-04-14 16:48:43",1
320,1,ON,32.7,24,3556,0,"2025-04-14 16:48:53",2
321,1,ON,32.5,25,4841,0,"2025-04-14 16:49:15",1
322,2,ON,29.8,40,2660,1,"2025-04-14 16:49:34",6
323,2,ON,29.8,44,2626,1,"2025-04-14 16:50:04",9
324,1,ON,32.9,20,4305,0,"2025-04-14 16:50:59",1
325,1,ON,32.6,20,2621,0,"2025-04-14 16:51:08",2
326,3,ON,31,34,2978,0,"2025-04-14 16:51:09",2
327,2,ON,29.3,43,2740,1,"2025-04-14 16:51:24",9
328,1,ON,32.4,20,10900,0,"2025-04-14 16:51:31",1
329,1,ON,32.3,21,2197,0,"2025-04-14 16:51:51",3
330,1,ON,32.8,21,1179,0,"2025-04-14 16:52:11",5
331,1,ON,31.6,23,2582,0,"2025-04-14 16:52:51",9
332,1,ON,31.8,23,2128,0,"2025-04-14 16:53:02",10
333,1,ON,31,25,2041,0,"2025-04-14 16:53:12",11
334,1,ON,31,27,1984,0,"2025-04-14 16:53:22",12
335,2,ON,29.3,39,2731,1,"2025-04-14 16:53:50",4
336,1,ON,32.7,25,1260,0,"2025-04-14 16:53:53",1
337,2,ON,29.3,39,2733,1,"2025-04-14 16:54:00",5
338,2,ON,29,39,2740,1,"2025-04-14 16:54:10",6
339,1,ON,32,26,1026,0,"2025-04-14 16:54:13",3
340,1,ON,32.2,27,1267,0,"2025-04-14 16:54:23",4
341,2,ON,28.9,41,2724,1,"2025-04-14 16:54:30",8
342,1,ON,32.3,27,1299,0,"2025-04-14 16:54:33",5
343,1,ON,32.2,27,1277,0,"2025-04-14 16:54:35",1
344,2,ON,28.9,41,2724,1,"2025-04-14 16:54:36",1
345,2,ON,28.9,41,2720,1,"2025-04-14 16:54:46",2
346,1,ON,32.6,28,1335,0,"2025-04-14 16:54:56",3
347,1,ON,32.6,27,1265,0,"2025-04-14 16:55:16",5
348,1,ON,32.8,27,1243,0,"2025-04-14 16:55:25",6
349,1,ON,32.9,29,1223,0,"2025-04-14 16:55:35",7
350,1,ON,32.4,26,1209,0,"2025-04-14 16:55:55",9
351,1,ON,32.1,25,1323,0,"2025-04-14 16:56:05",10
352,3,ON,31.5,32,4651,0,"2025-04-14 16:56:21",33
353,1,ON,32.4,27,1280,0,"2025-04-14 16:56:25",12
354,1,ON,32.6,26,1341,0,"2025-04-14 16:56:37",2
355,3,ON,31.6,32,4778,0,"2025-04-14 16:56:40",35
356,1,ON,32.8,25,1257,0,"2025-04-14 16:56:49",3
357,1,ON,32.9,25,1570,0,"2025-04-14 16:57:18",6
358,2,ON,29.8,43,2565,1,"2025-04-14 16:57:26",8
359,2,ON,29.8,43,2690,1,"2025-04-14 16:57:42",2
360,1,ON,32.7,25,5459,0,"2025-04-14 16:57:48",3
361,3,ON,31.8,32,1530,0,"2025-04-14 16:57:50",42
362,3,ON,31.8,32,4485,0,"2025-04-14 16:58:00",43
363,1,ON,32.2,24,3774,0,"2025-04-14 16:58:01",1
364,1,ON,32.3,25,2350,0,"2025-04-14 16:58:11",2
365,1,ON,33.9,23,2269,0,"2025-04-14 16:58:21",3
366,1,ON,33.1,23,2233,0,"2025-04-14 16:58:32",4
367,2,ON,29.8,43,2690,1,"2025-04-14 16:58:36",1
368,3,ON,31.9,32,4517,0,"2025-04-14 16:58:41",47
369,1,ON,33.1,24,2153,0,"2025-04-14 16:58:41",5
370,3,ON,31.9,32,4522,0,"2025-04-14 16:58:50",48
371,2,ON,29.8,4,2695,1,"2025-04-14 16:58:55",3
372,1,ON,32,24,3869,0,"2025-04-14 16:59:21",4
373,1,ON,27.3,51,1,0,"2025-04-14 19:11:58",1
374,1,ON,27.3,51,1,0,"2025-04-14 19:11:58",1
375,1,ON,27,51,1,0,"2025-04-14 19:12:07",2
376,2,ON,25.8,69,0,1,"2025-04-14 19:12:08",1
377,1,ON,27.2,51,1,0,"2025-04-14 19:12:09",1
378,3,ON,26,60,13,1,"2025-04-14 19:12:09",1
379,3,ON,26,60,13,0,"2025-04-14 19:12:19",2
380,3,ON,26,60,13,0,"2025-04-14 19:12:20",1
381,1,ON,27.4,52,1,0,"2025-04-14 19:12:21",2
382,1,ON,27.9,51,1,0,"2025-04-14 19:12:22",1
383,2,ON,25.8,70,0,1,"2025-04-14 19:12:23",1
384,1,ON,27.4,51,1,0,"2025-04-14 19:12:32",2
385,1,ON,26.1,51,1,0,"2025-04-14 19:12:42",3
386,1,ON,26.2,51,1,0,"2025-04-14 19:12:43",1
387,3,ON,26,60,13,0,"2025-04-14 19:12:50",4
388,3,ON,26,60,13,0,"2025-04-14 19:12:51",1
389,1,ON,26.3,51,1,0,"2025-04-14 19:12:53",2
390,3,ON,26,60,13,0,"2025-04-14 19:12:54",1
391,1,ON,26.1,51,1,0,"2025-04-14 19:12:55",1
392,2,ON,25.8,69,0,1,"2025-04-14 19:12:57",1
393,3,ON,26,60,12,0,"2025-04-14 19:12:58",1
394,2,ON,25.8,69,0,1,"2025-04-14 19:12:58",1
395,3,ON,26,60,12,1,"2025-04-14 19:12:59",1
396,2,ON,25.8,70,0,1,"2025-04-14 19:13:00",1
397,1,ON,26.4,52,1,0,"2025-04-14 19:13:01",1
398,3,ON,26,60,11,0,"2025-04-14 19:13:11",2
399,1,ON,26.9,52,19,0,"2025-04-14 19:13:22",3
400,1,ON,26.9,52,19,0,"2025-04-14 19:13:22",1
401,3,ON,3,1,3,1,"2025-04-14 19:13:22",1
402,2,ON,2,1,2,1,"2025-04-14 19:13:23",1
403,3,ON,26,60,13,0,"2025-04-14 19:13:33",2
404,2,ON,25.8,69,7,1,"2025-04-14 19:13:44",3
405,3,ON,25.9,60,12,1,"2025-04-14 19:14:03",5
406,3,ON,25.9,60,12,0,"2025-04-14 19:14:03",1
407,1,ON,26,51,18,0,"2025-04-14 19:14:04",1
408,1,ON,26.6,51,8,1,"2025-04-14 19:14:15",2
409,2,ON,25.8,68,10,1,"2025-04-14 19:14:16",1
410,1,ON,26.7,51,10,0,"2025-04-14 19:14:18",1
411,3,ON,25.9,60,11,1,"2025-04-14 19:14:19",1
412,3,ON,25.9,60,12,0,"2025-04-14 19:14:33",2
413,3,ON,25.9,61,13,1,"2025-04-14 19:14:43",3
414,3,ON,25.9,61,12,1,"2025-04-14 19:14:44",1
415,1,ON,26.8,51,19,1,"2025-04-14 19:14:45",1
416,3,ON,25.9,61,12,0,"2025-04-14 19:14:47",1
417,2,ON,25.8,69,13,1,"2025-04-14 19:14:55",4
418,2,ON,25.3,69,13,1,"2025-04-14 19:14:56",1
419,2,ON,25.4,69,14,1,"2025-04-14 19:15:05",2
420,3,ON,25.9,60,14,3,"2025-04-14 19:15:06",3
421,3,ON,25.9,60,14,0,"2025-04-14 19:15:08",1
422,2,ON,25.3,69,14,1,"2025-04-14 19:15:09",1
423,1,ON,26,50,20,0,"2025-04-14 19:15:19",2
424,2,ON,25.3,69,13,1,"2025-04-14 19:15:21",2
425,3,ON,25.8,60,14,1,"2025-04-14 19:15:33",1
426,1,ON,26.9,50,20,1,"2025-04-14 19:15:34",1
427,1,ON,26.7,50,20,1,"2025-04-14 19:15:44",2
428,1,ON,26.4,50,20,0,"2025-04-14 19:15:54",3
429,2,ON,25.3,68,13,1,"2025-04-14 19:15:55",3
430,1,ON,26.4,50,20,0,"2025-04-14 19:15:56",1
431,3,ON,25.8,60,11,0,"2025-04-14 19:16:04",4
432,2,ON,25.3,69,13,1,"2025-04-14 19:16:05",2
433,3,ON,25.8,60,13,0,"2025-04-14 19:16:08",1
434,1,ON,26,50,20,1,"2025-04-14 19:16:08",2
435,3,ON,25.8,60,13,0,"2025-04-14 19:16:08",1
436,1,ON,26,50,20,1,"2025-04-14 19:16:08",2
437,1,ON,26,1,1,0,"2025-04-14 19:16:50",1
438,1,ON,26,1,1,0,"2025-04-14 19:16:50",1
439,2,ON,25.3,69,13,1,"2025-04-14 19:16:50",1
440,1,ON,26.6,51,20,0,"2025-04-14 19:16:52",1
441,2,ON,25.3,69,13,1,"2025-04-14 19:17:00",2
442,2,ON,25.3,69,14,1,"2025-04-14 19:17:01",1
443,3,ON,25.8,60,14,0,"2025-04-14 19:17:02",1
444,1,ON,26.2,51,20,0,"2025-04-14 19:17:23",3
445,1,ON,26.1,51,20,0,"2025-04-14 19:17:23",1
446,2,ON,25.3,69,13,1,"2025-04-14 19:17:24",3
447,2,ON,25.3,69,14,1,"2025-04-14 19:17:25",1
448,1,ON,26.7,51,20,1,"2025-04-14 19:17:34",2
449,2,ON,25.3,69,7,1,"2025-04-14 19:17:36",2
450,1,ON,26.9,51,17,1,"2025-04-14 19:17:44",2
451,3,ON,25.7,60,11,0,"2025-04-14 19:17:45",2
452,2,ON,25.3,69,12,1,"2025-04-14 19:17:45",1
453,1,ON,26.7,51,15,1,"2025-04-14 19:17:54",3
454,2,ON,25.2,69,11,1,"2025-04-14 19:17:55",2
455,1,ON,26.5,51,15,0,"2025-04-14 19:17:56",1
456,3,ON,25.7,60,10,0,"2025-04-14 19:17:57",1
457,3,ON,25.7,60,14,0,"2025-04-14 19:18:07",2
458,3,ON,25.7,60,14,0,"2025-04-14 19:18:08",1
459,2,ON,24.9,69,14,1,"2025-04-14 19:18:11",1
460,2,ON,24.9,69,13,1,"2025-04-14 19:18:22",2
461,3,ON,25.8,60,14,0,"2025-04-14 19:18:23",2
462,3,ON,25.8,60,14,1,"2025-04-14 19:18:23",1
463,2,ON,24.8,69,13,1,"2025-04-14 19:18:25",1
464,3,ON,25.8,60,14,1,"2025-04-14 19:18:26",1
465,1,ON,26.5,52,20,1,"2025-04-14 19:18:28",1
466,3,ON,25.8,60,14,0,"2025-04-14 19:18:29",1
467,2,ON,24.9,69,13,1,"2025-04-14 19:18:38",2
468,1,ON,26.6,52,20,0,"2025-04-14 19:18:39",2
469,3,ON,25.8,60,14,0,"2025-04-14 19:18:40",1
470,3,ON,25.8,60,14,0,"2025-04-14 19:18:51",2
471,3,ON,25.8,60,14,0,"2025-04-14 19:18:51",1
472,2,ON,24.8,69,14,1,"2025-04-14 19:19:01",3
473,1,ON,26.9,52,20,0,"2025-04-14 19:19:02",2
474,2,ON,24.8,69,14,1,"2025-04-14 19:19:02",3
475,2,ON,24.8,69,14,1,"2025-04-14 19:19:13",2
476,2,ON,24.8,69,14,1,"2025-04-14 19:19:14",1
477,3,ON,25.8,60,14,1,"2025-04-14 19:19:21",4
478,2,ON,24.8,69,14,1,"2025-04-14 19:19:25",2
479,2,ON,24.8,69,13,1,"2025-04-14 19:19:26",1
480,3,ON,25.8,60,14,1,"2025-04-14 19:19:31",5
481,3,ON,25.8,60,14,0,"2025-04-14 19:19:32",1
482,1,ON,26.3,52,20,0,"2025-04-14 19:19:34",1
483,2,ON,24.8,69,14,1,"2025-04-14 19:19:36",1
484,3,ON,25.8,60,14,1,"2025-04-14 19:19:43",2
485,3,ON,25.8,60,14,1,"2025-04-14 19:19:44",1
486,1,ON,26.4,52,20,0,"2025-04-14 19:19:45",2
487,2,ON,24.8,69,14,1,"2025-04-14 19:19:45",1
488,3,ON,25.8,60,14,1,"2025-04-14 19:19:54",2
489,2,ON,24.8,69,13,1,"2025-04-14 19:19:55",2
490,2,ON,24.8,69,14,1,"2025-04-14 19:19:56",1
491,1,ON,26.2,52,20,1,"2025-04-14 19:20:05",4
492,1,ON,26.8,52,20,1,"2025-04-14 19:20:07",1
493,3,ON,25.8,60,14,0,"2025-04-14 19:20:07",2
494,3,ON,25.8,61,14,0,"2025-04-14 19:20:08",1
495,2,ON,24.8,70,13,1,"2025-04-14 19:20:09",1
496,1,ON,26.1,52,20,0,"2025-04-14 19:20:11",1
497,1,ON,26.5,52,20,0,"2025-04-14 19:20:21",2
498,1,ON,26.2,52,20,0,"2025-04-14 19:20:22",1
499,3,ON,25.8,60,14,0,"2025-04-14 19:20:22",1
500,1,ON,26.1,52,20,0,"2025-04-14 19:20:32",2
501,3,ON,25.8,61,14,1,"2025-04-14 19:20:32",2
502,1,ON,26.6,52,20,0,"2025-04-14 19:20:43",3
503,1,ON,26.7,52,20,1,"2025-04-14 19:20:43",1
504,3,ON,25.7,61,14,0,"2025-04-14 19:20:44",1
505,2,ON,24.8,70,14,1,"2025-04-14 19:20:51",5
506,3,ON,25.8,61,14,0,"2025-04-14 19:20:54",2
507,3,ON,25.7,61,14,1,"2025-04-14 19:20:56",1
508,1,ON,26,52,20,1,"2025-04-14 19:20:57",1
509,2,ON,24.8,70,13,1,"2025-04-14 19:20:57",1
510,3,ON,25.8,61,14,0,"2025-04-14 19:20:58",1
511,2,ON,24.8,70,14,1,"2025-04-14 19:21:07",2
512,3,ON,25.7,61,14,0,"2025-04-14 19:21:08",2
513,1,ON,26.5,52,20,0,"2025-04-14 19:21:20",1
514,3,ON,25.7,60,14,0,"2025-04-14 19:21:30",2
515,3,ON,25.7,61,14,0,"2025-04-14 19:21:30",1
516,1,ON,26.2,52,20,1,"2025-04-14 19:21:31",2
517,2,ON,24.8,70,13,1,"2025-04-14 19:21:31",2
518,1,ON,26.2,52,20,1,"2025-04-14 19:21:32",2
519,3,ON,25.7,60,14,1,"2025-04-14 19:21:32",1
520,2,ON,24.8,70,13,1,"2025-04-14 19:21:42",1
521,1,ON,26.6,52,20,1,"2025-04-14 19:21:43",2
522,1,ON,26.6,52,20,0,"2025-04-14 19:21:53",3
523,1,ON,26.5,52,20,0,"2025-04-14 19:21:56",1
524,2,ON,24.8,70,13,1,"2025-04-14 19:21:57",1
525,3,ON,25.7,61,14,0,"2025-04-14 19:21:57",1
526,1,ON,26.7,52,20,0,"2025-04-14 19:22:06",2
527,3,ON,25.8,61,14,0,"2025-04-14 19:22:07",2
528,3,ON,25.8,61,14,1,"2025-04-14 19:22:07",1
529,3,ON,25.8,61,14,0,"2025-04-14 19:22:17",2
530,3,ON,25.8,61,14,0,"2025-04-14 19:22:27",3
531,1,ON,26.4,53,20,0,"2025-04-14 19:22:29",1
532,2,ON,24.8,70,13,1,"2025-04-14 19:22:37",5
533,3,ON,25.8,61,14,1,"2025-04-14 19:22:37",4
534,2,ON,24.8,70,14,1,"2025-04-14 19:22:38",1
535,1,ON,26.7,53,20,0,"2025-04-14 19:22:39",2
536,1,ON,26.7,53,20,0,"2025-04-14 19:22:39",1
537,3,ON,25.8,61,14,0,"2025-04-14 19:22:47",5
538,2,ON,24.8,70,13,1,"2025-04-14 19:22:48",2
539,3,ON,25.8,61,14,0,"2025-04-14 19:22:48",1
540,1,ON,26.7,52,20,1,"2025-04-14 19:22:49",2
541,1,ON,26.4,53,20,1,"2025-04-14 19:22:51",1
542,3,ON,25.8,61,14,1,"2025-04-14 19:22:52",1
543,1,ON,26.6,53,20,0,"2025-04-14 19:22:53",1
544,3,ON,25.8,61,14,0,"2025-04-14 19:22:54",1
545,2,ON,24.8,70,13,1,"2025-04-14 19:22:55",1
546,1,ON,26.7,53,20,0,"2025-04-14 19:23:04",2
547,1,ON,26.6,53,20,0,"2025-04-14 19:23:04",1
548,2,ON,24.8,70,13,1,"2025-04-14 19:23:06",1
549,3,ON,25.8,61,14,0,"2025-04-14 19:23:07",1
550,1,ON,26.2,53,20,0,"2025-04-14 19:23:15",2
551,0,ON,0,1,0,1,"2025-04-14 19:23:19",1
552,2,ON,24.8,70,13,1,"2025-04-14 19:23:28",3
553,3,ON,25.7,61,14,0,"2025-04-14 19:23:28",2
554,1,ON,26.7,53,20,1,"2025-04-14 19:23:29",2
555,3,ON,25.7,61,14,1,"2025-04-14 19:23:29",1
556,2,ON,24.8,70,13,1,"2025-04-14 19:23:48",5
557,1,ON,26.3,53,20,0,"2025-04-14 19:23:49",4
558,3,ON,25.7,61,14,0,"2025-04-14 19:23:49",3
559,2,ON,24.8,70,13,1,"2025-04-14 19:23:49",1
560,1,ON,26.4,53,20,0,"2025-04-14 19:23:59",5
561,3,ON,25.7,61,14,0,"2025-04-14 19:23:59",4
562,1,ON,26.4,53,20,0,"2025-04-14 19:24:00",5
563,2,ON,24.8,70,13,1,"2025-04-14 19:24:10",1
564,1,ON,26,53,20,0,"2025-04-14 19:24:11",1
565,3,ON,25.7,61,14,1,"2025-04-14 19:24:11",1
566,2,ON,24.8,71,14,1,"2025-04-14 19:24:12",1
567,1,ON,26.3,53,20,0,"2025-04-14 19:24:21",2
568,3,ON,25.7,61,14,1,"2025-04-14 19:24:21",2
569,3,ON,25.7,61,0,1,"2025-04-14 19:24:23",1
570,1,ON,26.4,53,20,0,"2025-04-14 19:24:24",1
571,2,ON,24.8,71,13,1,"2025-04-14 19:24:33",3
572,3,ON,25.7,61,14,0,"2025-04-14 19:24:34",2
573,3,ON,25.7,61,14,1,"2025-04-14 19:24:34",1
574,3,ON,25.7,61,14,1,"2025-04-14 19:24:45",2
575,1,ON,26,2,1,0,"2025-04-14 19:24:46",2
576,3,ON,25.7,61,14,0,"2025-04-14 19:24:55",3
577,3,ON,25.7,61,14,0,"2025-04-14 19:25:15",5
578,3,ON,25.7,61,14,0,"2025-04-14 19:25:25",6
579,1,ON,26.9,53,19,0,"2025-04-14 19:25:26",6
580,1,ON,26.8,53,19,0,"2025-04-14 19:25:27",1
581,3,ON,25.7,61,14,0,"2025-04-14 19:25:35",7
582,3,ON,25.7,61,14,0,"2025-04-14 19:25:36",1
583,1,ON,26,53,20,0,"2025-04-14 19:25:37",2
584,3,ON,25.7,61,14,1,"2025-04-14 19:25:38",1
585,2,ON,24.8,71,14,1,"2025-04-14 19:25:47",1
586,1,ON,26.7,53,20,0,"2025-04-14 19:25:49",1
587,3,ON,25.7,61,14,0,"2025-04-14 19:25:58",3
588,3,ON,25.7,61,14,1,"2025-04-14 19:26:08",4
589,1,ON,26.6,53,20,0,"2025-04-14 19:26:10",3
590,1,ON,26,53,20,0,"2025-04-14 19:26:10",1
591,2,ON,24.8,71,14,1,"2025-04-14 19:26:11",1
592,3,ON,25.7,61,14,1,"2025-04-14 19:26:12",1
593,2,ON,24.8,71,14,1,"2025-04-14 19:26:21",2
594,3,ON,25.8,61,14,0,"2025-04-14 19:26:23",2
595,2,ON,24.8,71,14,1,"2025-04-14 19:26:32",3
596,3,ON,25.8,61,14,1,"2025-04-14 19:26:34",1
597,1,ON,26.6,53,20,1,"2025-04-14 19:26:41",4
598,1,ON,26.2,53,20,0,"2025-04-14 19:26:42",1
599,1,ON,26.2,53,20,0,"2025-04-14 19:26:54",2
600,1,ON,26.3,53,20,1,"2025-04-14 19:27:05",3
601,1,ON,26.5,53,20,0,"2025-04-14 19:27:14",4
602,3,ON,25.8,61,14,0,"2025-04-14 19:27:16",1
603,3,ON,25.8,61,14,1,"2025-04-14 19:27:27",2
604,3,ON,25.8,61,14,0,"2025-04-14 19:27:46",4
605,2,ON,24.8,71,13,1,"2025-04-14 19:27:56",5
606,3,ON,25.8,61,14,1,"2025-04-14 19:27:56",5
607,2,ON,24.8,71,13,1,"2025-04-14 19:27:59",1
608,3,ON,25.8,61,14,0,"2025-04-14 19:28:00",1
609,1,ON,26,53,20,0,"2025-04-14 19:28:04",1
610,2,ON,24.8,71,13,1,"2025-04-14 19:28:06",1
611,3,ON,25.8,61,14,0,"2025-04-14 19:28:25",3
612,2,ON,24.8,71,13,1,"2025-04-14 19:28:25",3
613,2,ON,24.8,71,13,1,"2025-04-14 19:28:26",1
614,2,ON,24.8,71,13,1,"2025-04-14 19:28:37",2
615,1,ON,26.2,53,2,1,"2025-04-14 19:28:37",2
616,2,ON,24.8,71,13,1,"2025-04-14 19:28:38",1
617,1,ON,26.1,53,20,1,"2025-04-14 19:28:39",1
618,1,ON,26.7,53,20,0,"2025-04-14 19:28:49",2
619,3,ON,25.8,61,14,0,"2025-04-14 19:28:50",1
620,2,ON,24.8,71,13,1,"2025-04-14 19:28:59",3
621,3,ON,25.8,61,14,0,"2025-04-14 19:29:00",2
622,2,ON,24.8,71,13,1,"2025-04-14 19:29:01",1
623,1,ON,26.5,53,20,1,"2025-04-14 19:29:02",1
624,2,ON,24.8,71,13,1,"2025-04-14 19:29:03",1
625,1,ON,26.9,53,20,0,"2025-04-14 19:29:05",1
626,2,ON,24.8,72,13,1,"2025-04-14 19:29:06",1
627,3,ON,25.8,61,14,0,"2025-04-14 19:29:15",2
628,2,ON,24.8,71,13,1,"2025-04-14 19:29:26",3
629,3,ON,25.8,61,14,1,"2025-04-14 19:29:35",4
630,2,ON,24.8,71,13,1,"2025-04-14 19:29:46",5
631,3,ON,25.8,61,14,0,"2025-04-14 19:29:47",1
632,1,ON,26.5,53,20,0,"2025-04-14 19:29:49",1
633,2,ON,24.8,71,13,1,"2025-04-14 19:29:49",1
634,1,ON,26.8,53,20,0,"2025-04-14 19:29:50",1
635,3,ON,25.8,61,14,1,"2025-04-14 19:29:50",1
636,2,ON,24.8,71,13,1,"2025-04-14 19:30:10",3
637,2,ON,24.8,71,13,1,"2025-04-14 19:30:11",1
638,2,ON,24.8,71,13,1,"2025-04-14 19:30:21",2
639,2,ON,24.8,71,13,1,"2025-04-14 19:30:31",3
640,3,ON,25.8,61,6,3,"2025-04-14 19:30:41",6
641,3,ON,25.8,61,7,3,"2025-04-14 19:30:51",7
642,2,ON,24.8,71,13,1,"2025-04-14 19:31:11",7
643,2,ON,24.8,71,13,1,"2025-04-14 19:31:21",8
644,2,ON,24.8,71,13,1,"2025-04-14 19:31:31",9
645,3,ON,25.7,4,11,3,"2025-04-14 19:31:32",11
646,2,ON,24.8,71,13,1,"2025-04-14 19:31:41",10
647,3,ON,25.7,61,14,0,"2025-04-14 19:31:42",2
648,3,ON,25.7,62,14,1,"2025-04-14 19:31:43",1
649,1,ON,26.5,54,20,0,"2025-04-14 19:31:44",1
650,2,ON,24.8,72,13,1,"2025-04-14 19:31:45",1
651,1,ON,26.5,54,20,1,"2025-04-14 19:32:04",3
652,2,ON,24.8,71,13,1,"2025-04-14 19:32:06",3
653,3,ON,25.7,61,14,0,"2025-04-14 19:32:26",5
654,3,ON,25.7,61,14,1,"2025-04-14 19:32:27",1
655,1,ON,26.4,54,20,0,"2025-04-14 19:32:29",1
656,2,ON,24.8,72,13,1,"2025-04-14 19:32:46",5
657,3,ON,25.7,62,14,1,"2025-04-14 19:32:48",3
658,2,ON,24.8,71,6,2,"2025-04-14 19:32:57",6
659,3,ON,25.7,62,14,1,"2025-04-14 19:32:57",4
660,1,ON,26.9,54,20,0,"2025-04-14 19:32:58",4
661,1,ON,26,54,20,1,"2025-04-14 19:33:00",1
662,2,ON,24.8,72,13,1,"2025-04-14 19:33:07",2
663,2,ON,24.8,72,13,1,"2025-04-14 19:33:09",1
664,3,ON,25.7,62,14,0,"2025-04-14 19:33:10",1
665,2,ON,24.8,72,13,1,"2025-04-14 19:33:20",2
666,2,ON,24.8,72,13,1,"2025-04-14 19:33:20",1
667,3,ON,25.7,62,14,1,"2025-04-14 19:33:20",1
668,2,ON,24.8,72,13,1,"2025-04-14 19:33:21",1
669,3,ON,25.7,62,14,0,"2025-04-14 19:33:31",2
670,2,ON,24.8,72,13,1,"2025-04-14 19:33:31",2
671,1,ON,26.5,54,20,0,"2025-04-14 19:33:32",2
672,2,ON,24.8,72,13,1,"2025-04-14 19:33:32",1
673,3,ON,25.7,62,14,1,"2025-04-14 19:33:41",1
674,1,ON,26.7,54,20,0,"2025-04-14 19:33:42",3
675,3,ON,25.7,62,14,0,"2025-04-14 19:33:42",1
676,1,ON,26.7,54,20,0,"2025-04-14 19:33:44",1
677,2,ON,24.8,72,13,1,"2025-04-14 19:33:54",1
678,1,ON,26.6,54,20,0,"2025-04-14 19:33:55",1
679,3,ON,25.7,62,14,1,"2025-04-14 19:33:56",1
680,1,ON,26.7,54,20,0,"2025-04-14 19:33:57",1
681,3,ON,25.7,62,14,0,"2025-04-14 19:33:58",1
682,2,ON,24.8,72,13,1,"2025-04-14 19:33:58",1
683,1,ON,26.5,54,20,0,"2025-04-14 19:33:59",1
684,2,ON,24.8,72,13,1,"2025-04-14 19:34:08",2
685,3,ON,25.7,62,14,0,"2025-04-14 19:34:08",2
686,2,ON,24.8,72,13,1,"2025-04-14 19:34:10",2
687,2,ON,24.8,72,13,1,"2025-04-14 19:34:10",1
688,3,ON,25.7,62,14,0,"2025-04-14 19:34:18",3
689,1,ON,26.5,54,20,0,"2025-04-14 19:34:19",1
690,1,ON,26.4,54,20,1,"2025-04-14 19:34:30",2
691,1,ON,26,1,1,0,"2025-04-14 19:34:30",1
692,2,ON,24.8,72,13,1,"2025-04-14 19:34:31",1
693,3,ON,25.7,62,14,0,"2025-04-14 19:34:59",5
694,2,ON,24.6,72,13,1,"2025-04-14 19:35:01",4
695,3,ON,25.7,62,14,1,"2025-04-14 19:35:10",6
696,3,ON,25.7,62,14,0,"2025-04-14 19:35:11",1
697,2,ON,24.6,72,13,1,"2025-04-14 19:35:21",3
698,2,ON,24.5,72,13,1,"2025-04-14 19:35:22",1
699,3,ON,25.7,62,14,0,"2025-04-14 19:35:24",2
700,3,ON,25.7,62,14,0,"2025-04-14 19:35:24",1
701,2,ON,24.5,72,13,1,"2025-04-14 19:35:26",1
702,3,ON,25.7,62,14,0,"2025-04-14 19:35:27",1
703,2,ON,24.5,72,13,1,"2025-04-14 19:35:36",2
704,3,ON,25.6,62,14,1,"2025-04-14 19:35:48",3
705,2,ON,24.5,72,13,1,"2025-04-14 19:35:56",4
706,2,ON,24.5,72,13,1,"2025-04-14 19:35:57",1
707,1,ON,26.8,54,20,1,"2025-04-14 19:36:01",1
708,2,ON,24.5,72,2,2,"2025-04-14 19:36:08",2
709,1,ON,26.1,54,20,1,"2025-04-14 19:36:11",2
710,2,ON,24.5,72,13,1,"2025-04-14 19:36:19",1
711,1,ON,26.4,54,20,1,"2025-04-14 19:36:21",3
712,2,ON,24.5,72,13,1,"2025-04-14 19:36:29",1
713,3,ON,25.6,62,14,0,"2025-04-14 19:36:32",2
714,1,ON,26.2,54,20,0,"2025-04-14 19:36:33",1
715,1,ON,26.5,54,20,0,"2025-04-14 19:37:24",6
716,1,ON,26.3,54,20,0,"2025-04-14 19:37:34",7
717,1,ON,26.1,54,20,1,"2025-04-14 19:37:35",1
718,1,ON,26.4,54,20,1,"2025-04-14 19:37:46",2
719,2,ON,24.5,72,13,1,"2025-04-14 19:37:55",9
720,1,ON,26.7,54,20,1,"2025-04-14 19:37:55",3
721,1,ON,26.6,54,20,0,"2025-04-14 19:38:05",4
722,2,ON,24.5,72,13,1,"2025-04-14 19:38:15",11
723,1,ON,26.3,54,20,0,"2025-04-14 19:38:25",6
724,1,ON,26.1,54,20,0,"2025-04-14 19:38:36",7
725,1,ON,26.9,54,20,0,"2025-04-14 19:38:46",8
726,2,ON,24.5,72,13,1,"2025-04-14 19:38:55",15
727,2,ON,24.5,72,13,1,"2025-04-14 19:38:56",1
728,2,ON,24.5,73,13,1,"2025-04-14 19:39:06",2
729,1,ON,26,54,20,0,"2025-04-14 19:39:16",11
730,1,ON,26.8,54,20,1,"2025-04-14 19:39:26",12
731,1,ON,26.1,54,20,0,"2025-04-14 19:39:27",1
732,3,ON,25.6,63,14,0,"2025-04-14 19:39:34",1
733,1,ON,26.1,54,20,0,"2025-04-14 19:39:38",1
734,3,ON,25.6,63,14,0,"2025-04-14 19:39:39",1
735,3,ON,25.5,63,14,1,"2025-04-14 19:39:49",2
736,1,ON,26,1,1,0,"2025-04-14 19:39:49",1
737,2,ON,24.5,72,13,1,"2025-04-14 19:39:59",2
738,3,ON,25.5,62,14,0,"2025-04-14 19:40:00",1
739,2,ON,24.5,72,13,1,"2025-04-14 19:40:01",1
740,1,ON,26.5,54,20,0,"2025-04-14 19:40:09",3
741,3,ON,25.5,63,14,0,"2025-04-14 19:40:10",2
742,1,ON,26.4,54,20,0,"2025-04-14 19:40:11",1
743,3,ON,25.5,63,14,1,"2025-04-14 19:40:12",1
744,3,ON,25.5,63,14,0,"2025-04-14 19:40:23",2
745,1,ON,26.2,54,20,1,"2025-04-14 19:40:24",1
746,2,ON,24.5,73,13,1,"2025-04-14 19:40:25",1
747,3,ON,25.5,63,14,0,"2025-04-14 19:40:26",1
748,1,ON,26.6,54,20,0,"2025-04-14 19:40:35",2
749,2,ON,24.5,73,13,1,"2025-04-14 19:40:35",2
750,3,ON,25.5,63,14,1,"2025-04-14 19:40:36",2
751,2,ON,24.5,73,13,1,"2025-04-14 19:40:36",1
752,3,ON,25.5,63,14,0,"2025-04-14 19:40:46",3
753,2,ON,24.5,73,13,1,"2025-04-14 19:40:46",2
754,1,ON,26.7,54,20,0,"2025-04-14 19:40:56",3
755,3,ON,25.5,63,14,0,"2025-04-14 19:40:57",2
756,3,ON,25.5,63,14,1,"2025-04-14 19:40:59",1
757,1,ON,26.5,54,20,0,"2025-04-14 19:41:00",1
758,2,ON,24.5,73,13,1,"2025-04-14 19:41:02",1
759,1,ON,26.6,54,20,0,"2025-04-14 19:41:03",1
760,3,ON,25.5,63,14,1,"2025-04-14 19:41:13",2
761,3,ON,25.5,63,14,1,"2025-04-14 19:41:13",1
762,2,ON,24.5,73,13,3,"2025-04-14 19:41:23",3
763,3,ON,25.5,63,14,0,"2025-04-14 19:41:24",2
764,3,ON,25.5,63,14,0,"2025-04-14 19:41:33",3
765,1,ON,26.5,54,20,1,"2025-04-14 19:41:34",1
766,3,ON,25.5,63,14,0,"2025-04-14 19:41:43",4
767,2,ON,24.5,73,13,1,"2025-04-14 19:41:44",2
768,1,ON,26.2,54,20,1,"2025-04-14 19:41:44",1
769,3,ON,25.5,63,14,1,"2025-04-14 19:41:54",5
770,3,ON,25.5,63,14,0,"2025-04-14 19:41:54",1
771,1,ON,26.2,54,20,0,"2025-04-14 19:41:55",2
772,2,ON,24.5,73,13,1,"2025-04-14 19:41:55",1
773,1,ON,26.4,54,20,0,"2025-04-14 19:41:56",1
774,2,ON,24.5,73,13,1,"2025-04-14 19:41:58",1
775,1,ON,26.4,54,20,1,"2025-04-14 19:41:58",1
776,3,ON,25.5,63,14,1,"2025-04-14 19:41:59",1
777,2,ON,24.5,73,13,1,"2025-04-14 19:42:08",2
778,3,ON,25.5,63,14,1,"2025-04-14 19:42:09",2
779,2,ON,24.5,73,13,1,"2025-04-14 19:42:18",3
780,2,ON,24.5,73,13,1,"2025-04-14 19:42:19",1
781,1,ON,26.6,54,20,0,"2025-04-14 19:42:21",1
782,3,ON,25.5,63,14,0,"2025-04-14 19:42:22",1
783,2,ON,24.5,73,13,1,"2025-04-14 19:42:22",1
784,3,ON,25.5,63,14,1,"2025-04-14 19:42:31",2
785,3,ON,25.5,63,14,1,"2025-04-14 19:42:32",1
786,1,ON,26.5,54,20,0,"2025-04-14 19:42:32",1
787,3,ON,25.5,63,14,1,"2025-04-14 19:42:34",1
788,2,ON,24.5,73,13,1,"2025-04-14 19:42:34",1
789,1,ON,26.2,54,20,0,"2025-04-14 19:42:35",1
790,2,ON,24.5,73,13,1,"2025-04-14 19:42:35",1
791,1,ON,26.4,54,20,0,"2025-04-14 19:42:45",2
792,2,ON,24.5,73,13,1,"2025-04-14 19:42:45",2
793,2,ON,24.5,73,13,1,"2025-04-14 19:42:47",1
794,2,ON,0,2,2,0,"2025-04-14 19:42:57",2
795,2,ON,24.5,73,13,1,"2025-04-14 19:43:07",3
796,1,ON,26.3,54,20,0,"2025-04-14 19:43:08",3
797,2,ON,24.5,73,13,1,"2025-04-14 19:43:09",1
798,3,ON,25.5,63,14,0,"2025-04-14 19:43:10",1
799,2,ON,24.5,73,13,1,"2025-04-14 19:43:11",1
800,1,ON,26.2,54,20,0,"2025-04-14 19:43:11",1
801,3,ON,25.5,63,14,0,"2025-04-14 19:43:12",1
802,3,ON,25.5,63,14,0,"2025-04-14 19:43:22",2
803,3,ON,25.5,63,14,1,"2025-04-14 19:43:23",1
804,3,ON,25.5,6,2,3,"2025-04-14 19:43:35",2
805,3,ON,25.5,63,14,0,"2025-04-14 19:43:36",1
806,3,ON,25.5,63,14,1,"2025-04-14 19:43:46",2
807,3,ON,25.5,63,14,1,"2025-04-14 19:43:47",1
808,3,ON,25.5,63,2,3,"2025-04-14 19:43:58",2
809,1,ON,26.7,54,20,0,"2025-04-14 19:44:00",1
810,2,ON,24.5,73,13,1,"2025-04-14 19:44:01",1
811,3,ON,25.5,63,14,1,"2025-04-14 19:44:01",1
812,1,ON,26.4,54,20,0,"2025-04-14 19:44:11",2
813,3,ON,25.5,63,14,0,"2025-04-14 19:44:12",1
814,1,ON,26.3,54,20,1,"2025-04-14 19:44:20",3
815,2,ON,24.5,73,13,1,"2025-04-14 19:44:22",2
816,3,ON,25.5,63,14,0,"2025-04-14 19:44:32",3
817,1,ON,26.4,54,20,0,"2025-04-14 19:44:41",3
818,2,ON,24.5,73,13,1,"2025-04-14 19:44:42",3
819,1,ON,26.5,54,20,0,"2025-04-14 19:44:51",4
820,3,ON,25.5,63,14,0,"2025-04-14 19:44:53",1
821,2,ON,24.5,73,13,1,"2025-04-14 19:44:53",2
822,3,ON,25.5,63,14,1,"2025-04-14 19:44:54",1
823,1,ON,26.2,54,20,0,"2025-04-14 19:44:55",1
824,3,ON,25.5,63,14,0,"2025-04-14 19:45:04",2
825,3,ON,25.5,63,14,1,"2025-04-14 19:45:06",1
826,1,ON,26.5,54,20,0,"2025-04-14 19:45:07",1
827,3,ON,25.5,63,14,0,"2025-04-14 19:45:18",2
828,2,ON,24.5,73,13,1,"2025-04-14 19:45:18",2
829,3,ON,25.5,63,14,0,"2025-04-14 19:45:18",1
830,2,ON,24.5,73,13,1,"2025-04-14 19:45:28",3
831,1,ON,26.4,54,20,0,"2025-04-14 19:45:29",2
832,2,ON,24.5,73,13,1,"2025-04-14 19:45:50",3
833,2,ON,24.5,73,13,1,"2025-04-14 19:45:51",1
834,1,ON,26.6,54,20,0,"2025-04-14 19:45:52",1
835,3,ON,25.5,63,14,1,"2025-04-14 19:45:53",1
836,1,ON,26.4,54,20,0,"2025-04-14 19:45:54",1
837,3,ON,25.5,63,14,0,"2025-04-14 19:46:03",2
838,2,ON,24.5,73,13,1,"2025-04-14 19:46:04",2
839,1,ON,26.1,53,2,1,"2025-04-14 19:46:05",2
840,3,ON,25.5,63,14,1,"2025-04-14 19:46:06",1
841,2,ON,24.5,73,13,1,"2025-04-14 19:46:14",3
842,3,ON,25.5,63,14,0,"2025-04-14 19:46:15",1
843,1,ON,26,54,20,0,"2025-04-14 19:46:17",1
844,2,ON,24.5,73,13,1,"2025-04-14 19:46:17",1
845,1,ON,26.6,54,20,0,"2025-04-14 19:46:17",1
846,3,ON,25.5,63,14,0,"2025-04-14 19:46:17",1
847,1,ON,26.4,54,20,0,"2025-04-14 19:46:27",2
848,3,ON,25.5,63,14,0,"2025-04-14 19:46:27",2
849,1,ON,26.8,54,20,1,"2025-04-14 19:46:28",1
850,3,ON,25.5,63,14,1,"2025-04-14 19:46:28",1
851,1,ON,26.2,54,20,1,"2025-04-14 19:46:38",2
852,3,ON,25.5,63,14,0,"2025-04-14 19:46:40",2
853,1,ON,26.6,54,20,1,"2025-04-14 19:46:48",3
854,3,ON,25.5,63,14,0,"2025-04-14 19:46:50",3
855,1,ON,26.6,54,20,1,"2025-04-14 19:46:58",4
856,3,ON,25.5,63,14,0,"2025-04-14 19:46:59",1
857,1,ON,26.6,54,20,0,"2025-04-14 19:47:00",1
858,2,ON,24.5,73,13,1,"2025-04-14 19:47:10",2
859,3,ON,25.5,63,14,1,"2025-04-14 19:47:11",2
860,2,ON,24.5,73,13,1,"2025-04-14 19:47:11",2
861,2,ON,24.5,73,13,1,"2025-04-14 19:47:20",3
862,2,ON,24.5,73,13,1,"2025-04-14 19:47:31",4
863,2,ON,24.5,73,13,1,"2025-04-14 19:47:31",1
864,3,ON,25.5,63,14,0,"2025-04-14 19:47:32",1
865,3,ON,25.5,63,14,1,"2025-04-14 19:47:42",2
866,3,ON,25.5,63,14,0,"2025-04-14 19:47:43",1
867,2,ON,24.5,73,13,1,"2025-04-14 19:47:44",1
868,3,ON,25.5,63,14,1,"2025-04-14 19:47:46",1
869,1,ON,26.1,55,20,1,"2025-04-14 19:47:47",1
870,2,ON,24.5,73,13,1,"2025-04-14 19:48:08",3
871,3,ON,25.5,63,14,0,"2025-04-14 19:48:08",3
872,1,ON,26.5,55,20,0,"2025-04-14 19:48:10",1
873,3,ON,25.5,63,14,0,"2025-04-14 19:48:11",1
874,2,ON,24.5,73,13,1,"2025-04-14 19:48:12",1
875,1,ON,26.9,55,20,0,"2025-04-14 19:48:12",1
876,2,ON,24.5,73,13,1,"2025-04-14 19:48:21",2
877,3,ON,25.5,63,14,0,"2025-04-14 19:48:22",2
878,1,ON,26,55,20,1,"2025-04-14 19:48:23",1
879,3,ON,25.5,63,14,0,"2025-04-14 19:48:32",3
880,3,ON,25.5,63,14,1,"2025-04-14 19:48:33",1
881,2,ON,24.5,73,13,1,"2025-04-14 19:48:34",2
882,3,ON,25.5,63,14,0,"2025-04-14 19:48:44",2
883,2,ON,24.5,73,13,1,"2025-04-14 19:48:45",1
884,3,ON,25.5,63,14,0,"2025-04-14 19:48:46",1
885,2,ON,24.5,73,13,1,"2025-04-14 19:48:56",2
886,3,ON,25.5,63,14,0,"2025-04-14 19:48:56",2
887,2,ON,24.5,73,13,1,"2025-04-14 19:48:56",2
888,3,ON,25.5,63,14,0,"2025-04-14 19:48:57",1
889,2,ON,24.5,73,13,1,"2025-04-14 19:49:06",3
890,1,ON,26.6,55,20,1,"2025-04-14 19:49:07",3
891,3,OFF,3,2,3,2,"2025-04-14 19:49:07",2
892,3,ON,25.4,63,14,0,"2025-04-14 19:49:08",1
893,2,ON,24.5,73,13,1,"2025-04-14 19:49:17",2
894,3,ON,25.4,63,14,0,"2025-04-14 19:49:18",1
895,2,ON,24.5,73,13,1,"2025-04-14 19:49:19",1
896,1,ON,26.2,55,20,0,"2025-04-14 19:49:20",1
897,2,ON,24.5,73,13,1,"2025-04-14 19:49:29",2
898,3,ON,25.4,63,14,0,"2025-04-14 19:49:39",3
899,1,ON,26.4,55,20,0,"2025-04-14 19:50:06",1
900,3,ON,25.4,63,14,1,"2025-04-14 19:50:06",1
901,2,ON,24.5,73,13,1,"2025-04-14 19:50:12",2
902,2,ON,24.5,73,13,1,"2025-04-14 19:50:13",1
903,3,ON,25.4,63,14,0,"2025-04-14 19:50:22",3
904,1,ON,26.9,55,20,0,"2025-04-14 19:50:33",4
905,3,ON,25.4,64,14,1,"2025-04-14 19:50:33",2
906,3,ON,25.4,63,14,0,"2025-04-14 19:50:35",1
907,2,ON,24.5,73,13,1,"2025-04-14 19:50:43",2
908,1,ON,26,55,20,0,"2025-04-14 19:50:53",6
909,2,ON,24.5,73,13,1,"2025-04-14 19:50:55",2
910,2,ON,24.5,73,13,1,"2025-04-14 19:50:56",1
911,3,ON,25.4,64,14,0,"2025-04-14 19:51:08",2
912,2,ON,24.5,73,13,1,"2025-04-14 19:51:21",3
913,2,ON,24.5,73,11,1,"2025-04-14 19:52:03",3
914,2,ON,24.5,73,11,1,"2025-04-14 19:52:14",3
915,3,ON,25.4,64,13,0,"2025-04-14 19:52:14",7
916,2,ON,24.5,73,13,1,"2025-04-14 19:52:14",4
917,3,ON,25.4,64,13,0,"2025-04-14 19:52:16",8
918,2,ON,24.5,73,13,1,"2025-04-14 19:52:20",5
919,2,ON,0,1,2,0,"2025-04-14 19:52:22",1
920,3,ON,25.4,64,11,1,"2025-04-14 19:52:29",1
921,2,ON,24.5,73,13,1,"2025-04-14 19:52:32",1
922,3,ON,25.4,64,12,1,"2025-04-14 19:52:33",1
923,2,ON,24.5,73,13,1,"2025-04-14 19:52:34",1
924,3,ON,25.5,64,12,0,"2025-04-14 19:52:42",1
925,2,ON,24.5,74,13,1,"2025-04-14 19:52:43",1
926,1,ON,26.1,56,20,1,"2025-04-14 19:52:43",1
927,3,ON,25.5,64,12,0,"2025-04-14 19:52:45",1
928,2,ON,24.5,74,13,1,"2025-04-14 19:52:53",2
929,1,ON,26.9,55,19,1,"2025-04-14 19:53:11",3
930,2,ON,24.5,74,13,1,"2025-04-14 19:53:11",2
931,1,ON,26.2,55,20,1,"2025-04-14 19:53:20",4
932,1,ON,26.2,55,20,1,"2025-04-14 19:53:20",4
933,1,ON,26.1,55,20,0,"2025-04-14 19:53:20",1
934,3,ON,25.5,64,13,1,"2025-04-14 19:53:26",5
935,1,ON,25,2,1,0,"2025-04-14 19:53:42",2
936,3,ON,25.5,64,13,1,"2025-04-14 19:53:42",1
937,2,ON,24.8,73,7,1,"2025-04-14 19:53:42",3
938,1,ON,26.4,55,5,0,"2025-04-14 19:53:42",2
939,2,ON,24.8,75,1,1,"2025-04-14 19:53:42",1
940,1,ON,26.8,57,4,0,"2025-04-14 19:53:42",1
941,2,ON,24.8,78,11,1,"2025-04-14 19:53:58",1
942,1,ON,26.9,54,2,1,"2025-04-14 19:54:54",2
943,1,ON,26.9,54,2,1,"2025-04-14 19:54:55",2
944,3,ON,25.6,65,13,0,"2025-04-14 19:54:55",3
945,3,ON,25.6,65,13,1,"2025-04-14 19:55:18",1
946,1,ON,26.1,5,4,1,"2025-04-14 19:55:33",4
947,3,ON,25.6,64,13,0,"2025-04-14 19:56:02",1
948,3,ON,25.6,64,13,0,"2025-04-14 19:56:02",1
949,1,ON,26.1,54,20,0,"2025-04-14 19:56:15",2
950,3,ON,25.6,64,13,1,"2025-04-14 19:56:18",2
951,2,ON,25.3,73,13,1,"2025-04-14 19:56:18",1
952,3,ON,25.6,64,13,0,"2025-04-14 19:56:23",3
953,1,ON,26.4,54,20,0,"2025-04-14 19:56:23",2
954,1,ON,26.2,54,20,0,"2025-04-14 19:56:23",1
955,3,ON,25.6,64,13,1,"2025-04-14 19:56:31",2
956,3,ON,25.6,64,13,1,"2025-04-14 19:56:53",1
957,1,ON,26.1,54,20,0,"2025-04-14 19:56:53",1
958,2,ON,25.3,73,13,1,"2025-04-14 19:56:53",5
959,2,ON,25.3,73,13,1,"2025-04-14 19:57:28",1
960,2,ON,25.3,73,13,1,"2025-04-14 19:57:28",1
961,2,ON,25.3,73,13,1,"2025-04-14 19:57:45",2
962,2,ON,25.3,73,13,1,"2025-04-14 19:58:07",2
963,2,ON,25.3,73,13,1,"2025-04-14 19:58:07",2
964,1,ON,26.6,54,20,1,"2025-04-14 19:58:14",6
965,2,ON,25.3,72,13,1,"2025-04-14 19:58:15",3
966,3,ON,25.7,64,14,1,"2025-04-14 19:58:25",4
967,3,ON,25.7,64,14,1,"2025-04-14 19:58:45",6
968,3,ON,25.7,64,14,1,"2025-04-14 19:58:46",1
969,2,ON,24.9,72,13,1,"2025-04-14 19:58:56",3
970,1,ON,26,54,20,1,"2025-04-14 19:59:05",6
971,1,ON,26.7,54,20,0,"2025-04-14 19:59:06",1
972,3,ON,25.7,64,14,0,"2025-04-14 19:59:06",3
973,1,ON,26.3,54,20,0,"2025-04-14 19:59:08",1
974,2,ON,24.8,72,13,1,"2025-04-14 19:59:09",1
975,3,ON,25.7,64,14,0,"2025-04-14 19:59:10",1
976,1,ON,26.3,54,20,0,"2025-04-14 19:59:21",2
977,1,ON,26.5,54,20,0,"2025-04-14 19:59:31",3
978,2,ON,24.8,72,13,1,"2025-04-14 19:59:41",4
979,2,ON,24.8,72,13,1,"2025-04-14 19:59:42",1
980,1,ON,26.5,54,20,0,"2025-04-14 19:59:51",5
981,2,ON,24.8,73,13,1,"2025-04-14 19:59:52",2
982,2,ON,24.8,72,13,1,"2025-04-14 19:59:53",1
983,1,ON,26.3,54,20,0,"2025-04-14 19:59:53",1
984,2,ON,24.8,73,13,1,"2025-04-14 19:59:54",1
985,3,ON,25.7,64,14,0,"2025-04-14 20:00:01",6
986,1,ON,26.4,54,20,0,"2025-04-14 20:00:05",1
987,2,ON,24.8,72,13,1,"2025-04-14 20:00:14",3
988,1,ON,26,54,20,0,"2025-04-14 20:00:15",1
989,3,ON,25.7,64,14,0,"2025-04-14 20:00:17",1
990,1,ON,26.9,54,20,0,"2025-04-14 20:00:17",1
991,3,ON,25.7,64,14,0,"2025-04-14 20:00:27",2
992,3,ON,25.7,64,14,0,"2025-04-14 20:00:29",1
993,1,ON,26.2,54,20,0,"2025-04-14 20:00:30",1
994,2,ON,24.8,73,13,1,"2025-04-14 20:00:40",2
995,3,ON,25.7,64,13,1,"2025-04-14 20:00:41",1
996,1,ON,26.9,54,20,0,"2025-04-14 20:00:50",3
997,3,ON,25.7,63,13,1,"2025-04-14 20:00:51",2
998,3,ON,25.7,63,14,0,"2025-04-14 20:00:51",1
999,2,ON,24.8,73,13,1,"2025-04-14 20:00:53",1
1000,3,ON,25.7,63,13,0,"2025-04-14 20:00:54",1
1001,2,ON,24.8,73,13,1,"2025-04-14 20:01:04",2
1002,1,ON,26.1,54,20,0,"2025-04-14 20:01:04",2
1003,3,ON,25.6,64,14,1,"2025-04-14 20:01:25",3
1004,2,ON,24.8,73,13,1,"2025-04-14 20:01:25",3
1005,2,ON,24.8,73,13,1,"2025-04-14 20:01:26",1
1006,1,ON,26.7,54,20,1,"2025-04-14 20:01:26",1
1007,3,ON,25.6,64,14,1,"2025-04-14 20:01:28",1
1008,2,ON,24.8,73,13,1,"2025-04-14 20:01:37",1
1009,3,ON,25.6,64,14,0,"2025-04-14 20:01:38",1
1010,3,ON,25.6,64,14,0,"2025-04-14 20:01:48",2
1011,1,ON,26.7,54,20,1,"2025-04-14 20:01:58",3
1012,2,ON,24.8,73,13,1,"2025-04-14 20:01:59",2
1013,3,ON,25.7,64,14,0,"2025-04-14 20:02:00",2
1014,2,ON,24.8,73,13,1,"2025-04-14 20:02:00",2
1015,1,ON,26.4,54,20,0,"2025-04-14 20:02:00",1
1016,2,ON,24.8,73,13,1,"2025-04-14 20:02:02",1
1017,3,ON,25.7,64,14,0,"2025-04-14 20:02:03",1
1018,1,ON,26.6,54.8,5,1,"2025-04-14 20:02:03",1
1019,3,ON,25.7,64,14,0,"2025-04-14 20:02:05",1
1020,1,ON,26.7,54,20,0,"2025-04-14 20:02:13",2
1021,1,ON,26.1,54,20,0,"2025-04-14 20:02:14",1
1022,3,ON,25.7,64,14,0,"2025-04-14 20:02:15",2
1023,1,ON,26.5,54,20,1,"2025-04-14 20:02:24",2
1024,3,ON,25.7,64,14,0,"2025-04-14 20:02:25",1
1025,1,ON,26.4,5,1,1,"2025-04-14 20:02:38",1
1026,3,ON,25.7,64,14,1,"2025-04-14 20:02:49",3
1027,3,ON,25.7,64,14,0,"2025-04-14 20:02:58",4
1028,2,ON,24.8,73,13,1,"2025-04-14 20:03:05",4
1029,1,ON,26.7,0,20,1,"2025-04-14 20:03:16",5
1030,2,ON,24.8,73,13,1,"2025-04-14 20:03:17",1
1031,1,ON,26.9,55,20,0,"2025-04-14 20:03:26",6
1032,3,ON,25.7,6,2,3,"2025-04-14 20:03:27",2
1033,2,ON,24.8,73,13,1,"2025-04-14 20:04:07",6
1034,3,ON,25.7,64,14,0,"2025-04-14 20:04:08",1
1035,2,ON,24.8,73,13,1,"2025-04-14 20:04:17",7
1036,1,ON,26.6,55,19,5,"2025-04-14 20:04:17",5
1037,1,ON,26.9,55,20,0,"2025-04-14 20:04:18",1
1038,3,ON,25.7,64,14,1,"2025-04-14 20:04:18",2
1039,1,ON,26.9,55,20,0,"2025-04-14 20:04:18",1
1040,3,ON,25.7,64,14,0,"2025-04-14 20:04:19",1
1041,3,ON,25.7,64,14,0,"2025-04-14 20:04:32",2
1042,3,ON,25.7,64,14,1,"2025-04-14 20:04:41",3
1043,1,ON,26.6,55,20,0,"2025-04-14 20:04:53",1
1044,3,ON,25.6,64,14,1,"2025-04-14 20:04:53",2
1045,3,ON,25.6,64,14,0,"2025-04-14 20:04:53",1
1046,1,ON,26.8,55,20,1,"2025-04-14 20:05:07",3
1047,2,ON,24.8,73,13,1,"2025-04-14 20:06:11",1
1048,2,ON,24.8,73,13,1,"2025-04-14 20:06:25",1
1049,1,ON,26.6,55,20,0,"2025-04-14 20:06:25",3
1050,2,ON,24.8,73,13,1,"2025-04-14 20:06:25",2
1051,1,ON,26.9,55,20,0,"2025-04-14 20:06:25",4
1052,2,ON,24.8,73,13,1,"2025-04-14 20:06:25",3
1053,3,ON,25.6,64,14,1,"2025-04-14 20:06:25",4
1054,2,ON,24.8,73,13,1,"2025-04-14 20:06:25",1
1055,3,ON,25.6,64,14,1,"2025-04-14 20:06:25",1
1056,2,ON,24.8,73,13,1,"2025-04-14 20:06:25",1
1057,2,ON,24.8,73,13,1,"2025-04-14 20:06:39",3
1058,2,ON,24.8,73,13,1,"2025-04-14 20:06:39",1
1059,2,ON,24.8,73,13,1,"2025-04-14 20:06:49",2
1060,3,ON,25.6,64,14,0,"2025-04-14 20:07:00",4
1061,2,ON,24.8,73,13,1,"2025-04-14 20:07:10",4
1062,3,ON,25.6,64,14,0,"2025-04-14 20:07:11",1
1063,1,ON,26.5,55,20,0,"2025-04-14 20:07:12",1
1064,2,ON,24.8,73,13,1,"2025-04-14 20:07:21",2
1065,3,ON,25.6,64,14,1,"2025-04-14 20:07:22",2
1066,1,ON,26.5,55,20,0,"2025-04-14 20:07:23",2
1067,3,ON,25.6,64,14,0,"2025-04-14 20:07:24",1
1068,2,ON,24.8,73,13,1,"2025-04-14 20:07:31",2
1069,1,ON,26.5,55,20,0,"2025-04-14 20:07:34",1
1070,2,ON,24.8,73,13,1,"2025-04-14 20:07:41",3
1071,2,ON,24.8,73,13,1,"2025-04-14 20:07:42",1
1072,1,ON,26.6,55,20,0,"2025-04-14 20:07:44",1
1073,3,ON,25.6,64,14,1,"2025-04-14 20:07:44",1
1074,2,ON,24.8,73,13,1,"2025-04-14 20:07:45",1
1075,3,ON,25.6,64,14,0,"2025-04-14 20:07:46",1
1076,1,ON,26.9,55,20,1,"2025-04-14 20:07:47",1
1077,2,ON,24.8,73,13,1,"2025-04-14 20:07:48",1
1078,3,ON,25.6,64,14,1,"2025-04-14 20:07:50",1
1079,2,ON,24.8,73,13,1,"2025-04-14 20:07:59",1
1080,3,ON,25.6,64,14,0,"2025-04-14 20:08:00",2
1081,3,ON,25.6,64,14,1,"2025-04-14 20:08:01",1
1082,1,ON,26.5,55,20,1,"2025-04-14 20:08:09",2
1083,1,ON,26.4,55,20,1,"2025-04-14 20:08:10",1
1084,3,ON,25.6,63,2,3,"2025-04-14 20:08:11",2
1085,1,ON,26.4,55,20,1,"2025-04-14 20:08:11",1
1086,2,ON,24.8,73,13,1,"2025-04-14 20:08:20",3
1087,1,ON,26,55,20,0,"2025-04-14 20:08:21",2
1088,3,ON,25.6,64,14,0,"2025-04-14 20:08:21",2
1089,1,ON,26.1,55,20,0,"2025-04-14 20:08:30",3
1090,2,ON,24.8,73,13,1,"2025-04-14 20:08:31",2
1091,3,ON,25.6,64,14,1,"2025-04-14 20:08:41",4
1092,2,ON,24.8,73,13,1,"2025-04-14 20:08:42",2
1093,2,ON,24.8,73,13,1,"2025-04-14 20:08:44",1
1094,3,ON,25.6,64,14,0,"2025-04-14 20:08:45",1
1095,1,ON,26,55,20,0,"2025-04-14 20:08:52",3
1096,2,ON,24.8,73,13,1,"2025-04-14 20:08:53",1
1097,3,ON,25.6,64,14,0,"2025-04-14 20:08:55",1
1098,1,ON,26.4,55,20,1,"2025-04-14 20:08:56",1
1099,2,ON,24.8,73,13,1,"2025-04-14 20:08:58",1
1100,3,ON,25.6,64,14,0,"2025-04-14 20:09:00",1
1101,3,ON,25.6,64,14,0,"2025-04-14 20:09:12",2
1102,2,ON,24.8,73,13,1,"2025-04-14 20:09:13",2
1103,3,ON,25.6,64,14,0,"2025-04-14 20:09:14",1
1104,1,ON,26.4,55,20,0,"2025-04-14 20:09:15",1
1105,3,ON,25.6,64,13,1,"2025-04-14 20:09:24",2
1106,2,ON,24.8,73,13,1,"2025-04-14 20:09:32",4
1107,2,ON,24.8,74,13,1,"2025-04-14 20:09:36",1
1108,1,ON,26.7,58,20,0,"2025-04-14 20:09:45",4
1109,1,ON,26.6,59,20,0,"2025-04-14 20:09:46",1
1110,3,ON,25.7,66,13,1,"2025-04-14 20:09:47",1
1111,2,ON,24.8,77,13,1,"2025-04-14 20:09:49",1
1112,1,ON,26.6,59,20,1,"2025-04-14 20:09:49",1
1113,3,ON,25.7,66,13,1,"2025-04-14 20:09:50",1
1114,2,ON,24.8,77,13,1,"2025-04-14 20:09:59",2
1115,3,ON,25.7,66,13,0,"2025-04-14 20:10:00",2
1116,2,ON,24.8,77,13,1,"2025-04-14 20:10:10",3
1117,2,ON,24.8,77,13,1,"2025-04-14 20:10:12",1
1118,1,ON,26.9,58,20,0,"2025-04-14 20:10:21",2
1119,2,ON,24.8,77,13,1,"2025-04-14 20:10:22",2
1120,3,ON,25.7,66,13,0,"2025-04-14 20:10:23",1
1121,3,ON,25.7,66,13,1,"2025-04-14 20:10:33",2
1122,2,ON,24.8,77,13,1,"2025-04-14 20:10:34",2
1123,2,ON,24.8,77,13,1,"2025-04-14 20:10:35",1
1124,1,ON,26.5,57,20,0,"2025-04-14 20:10:35",1
1125,3,ON,25.7,67,13,1,"2025-04-14 20:10:44",1
1126,2,ON,24.8,77,13,1,"2025-04-14 20:10:45",2
1127,1,ON,26.6,58,20,1,"2025-04-14 20:10:45",1
1128,2,ON,24.8,77,13,1,"2025-04-14 20:10:47",1
1129,1,ON,26,1,1,0,"2025-04-14 20:10:47",1
1130,3,ON,25.7,66,13,0,"2025-04-14 20:10:48",1
1131,1,ON,26.1,58,20,0,"2025-04-14 20:10:58",2
1132,1,ON,26.3,57,20,1,"2025-04-14 20:10:58",1
1133,2,ON,24.8,77,13,1,"2025-04-14 20:10:59",1
1134,3,ON,25.7,66,13,1,"2025-04-14 20:11:00",1
1135,3,ON,25.7,66,13,0,"2025-04-14 20:11:11",2
1136,1,ON,26.5,57,20,0,"2025-04-14 20:11:11",2
1137,3,ON,25.7,66,13,1,"2025-04-14 20:11:21",3
1138,1,ON,26.7,58,20,0,"2025-04-14 20:11:23",2
1139,2,ON,24.8,77,13,1,"2025-04-14 20:11:23",1
1140,2,ON,24.8,77,13,1,"2025-04-14 20:11:33",2
1141,3,ON,25.7,66,13,0,"2025-04-14 20:11:41",5
1142,3,ON,25.7,66,13,0,"2025-04-14 20:11:42",1
1143,2,ON,24.9,77,13,1,"2025-04-14 20:11:43",3
1144,2,ON,25.1,77,13,1,"2025-04-14 20:11:53",4
1145,2,ON,25.2,77,13,1,"2025-04-14 20:12:03",5
1146,2,ON,25.3,76,13,1,"2025-04-14 20:12:04",1
1147,1,ON,26.9,57,20,1,"2025-04-14 20:12:05",1
1148,2,ON,25.3,76,13,1,"2025-04-14 20:12:36",4
1149,3,ON,25.7,66,13,1,"2025-04-14 20:12:42",7
1150,1,ON,26.3,57,20,0,"2025-04-14 20:12:46",5
1151,2,ON,25.3,77,13,1,"2025-04-14 20:12:57",2
1152,2,ON,25.3,77,13,1,"2025-04-14 20:12:58",1
1153,3,ON,25.7,67,14,0,"2025-04-14 20:13:03",1
1154,2,ON,25.3,77,13,1,"2025-04-14 20:13:05",1
1155,2,ON,25.3,77,13,1,"2025-04-14 20:13:15",2
1156,3,ON,25.7,66,13,0,"2025-04-14 20:13:24",3
1157,1,ON,26.2,56,20,0,"2025-04-14 20:13:26",1
1158,3,ON,25.7,66,14,1,"2025-04-14 20:13:27",1
1159,2,ON,25.3,77,13,1,"2025-04-14 20:13:36",2
1160,3,ON,25.7,67,13,1,"2025-04-14 20:13:37",2
1161,2,ON,25.3,77,13,1,"2025-04-14 20:13:48",2
1162,2,ON,25.3,77,13,1,"2025-04-14 20:13:48",1
1163,1,ON,26.2,57,20,1,"2025-04-14 20:13:58",3
1164,2,ON,25.3,77,13,1,"2025-04-14 20:14:01",2
1165,1,ON,26.2,57,20,1,"2025-04-14 20:14:01",3
1166,2,ON,25.3,77,13,1,"2025-04-14 20:14:01",2
1167,2,ON,25.3,77,13,1,"2025-04-14 20:14:09",3
1168,3,ON,25.7,67,13,0,"2025-04-14 20:14:41",1
1169,3,ON,25.7,67,13,0,"2025-04-14 20:14:41",1
1170,1,ON,26,57,20,1,"2025-04-14 20:14:42",1
1171,2,ON,25.3,77,13,1,"2025-04-14 20:14:42",1
1172,1,ON,26,57,20,1,"2025-04-14 20:14:42",1
1173,3,ON,25.7,67,13,1,"2025-04-14 20:15:01",3
1174,3,ON,25.7,67,13,1,"2025-04-14 20:15:03",1
1175,1,ON,26.4,57,20,0,"2025-04-14 20:15:13",4
1176,3,ON,25.8,67,13,0,"2025-04-14 20:15:13",1
1177,1,ON,26,57,20,0,"2025-04-14 20:15:25",1
1178,2,ON,25.3,77,13,1,"2025-04-14 20:15:25",1
1179,3,ON,25.8,67,13,1,"2025-04-14 20:15:26",1
1180,1,ON,26.8,56,20,1,"2025-04-14 20:15:27",1
1181,3,ON,25.8,67,13,1,"2025-04-14 20:15:28",1
1182,2,ON,25.3,77,13,1,"2025-04-14 20:15:29",1
1183,3,ON,25.8,67,13,0,"2025-04-14 20:15:38",2
1184,2,ON,25.3,77,13,1,"2025-04-14 20:15:39",2
1185,1,ON,26.6,57,20,0,"2025-04-14 20:15:48",3
1186,1,ON,26,57,20,1,"2025-04-14 20:15:49",1
1187,3,ON,25.8,67,13,0,"2025-04-14 20:15:49",2
1188,2,ON,25.3,77,13,1,"2025-04-14 20:15:50",1
1189,1,ON,26.4,57,20,0,"2025-04-14 20:15:52",1
1190,3,ON,25.8,67,14,0,"2025-04-14 20:15:53",1
1191,1,ON,26.9,56,20,1,"2025-04-14 20:16:02",2
1192,3,ON,25.8,67,14,1,"2025-04-14 20:16:03",2
1193,1,ON,26.2,56,20,1,"2025-04-14 20:16:12",3
1194,3,ON,25.8,67,13,0,"2025-04-14 20:16:13",3
1195,1,ON,26.9,56,20,0,"2025-04-14 20:16:22",4
1196,3,ON,25.8,67,13,1,"2025-04-14 20:16:23",1
1197,2,ON,25.3,76,13,1,"2025-04-14 20:16:24",2
1198,1,ON,26.1,56,20,0,"2025-04-14 20:16:34",2
1199,1,ON,26.2,56,20,0,"2025-04-14 20:16:34",1
1200,1,ON,26,56,20,0,"2025-04-14 20:16:44",2
1201,2,ON,25.3,76,13,1,"2025-04-14 20:16:54",5
1202,2,ON,25.3,76,13,1,"2025-04-14 20:16:57",1
1203,1,ON,26.6,56,20,0,"2025-04-14 20:18:01",1
1204,1,ON,26.6,56,20,0,"2025-04-14 20:18:12",1
1205,3,ON,25.8,66,14,0,"2025-04-14 20:18:12",3
1206,1,ON,26.7,56,20,1,"2025-04-14 20:18:12",2
1207,2,ON,25.3,75,13,1,"2025-04-14 20:18:12",1
1208,1,ON,26.3,56,20,1,"2025-04-14 20:18:13",1
1209,3,ON,25.8,66,13,0,"2025-04-14 20:18:13",4
1210,3,ON,25.8,66,14,0,"2025-04-14 20:18:13",1
1211,1,ON,26.7,56,20,1,"2025-04-14 20:18:18",2
1212,1,ON,26.4,56,20,0,"2025-04-14 20:18:18",1
1213,2,ON,25.3,75,13,1,"2025-04-14 20:18:18",1
1214,3,ON,25.8,66,14,0,"2025-04-14 20:18:18",1
1215,1,ON,26.6,56,20,0,"2025-04-14 20:18:18",1
1216,3,ON,25.8,65,13,1,"2025-04-14 20:19:01",1
1217,3,ON,25.8,65,13,1,"2025-04-14 20:19:12",1
1218,2,ON,25.3,74,13,1,"2025-04-14 20:19:12",5
1219,2,ON,25.3,73,13,1,"2025-04-14 20:19:12",1
1220,1,ON,26.3,55,20,0,"2025-04-14 20:19:12",1
1221,3,ON,25.8,65,13,0,"2025-04-14 20:19:12",1
1222,2,ON,25.3,74,13,1,"2025-04-14 20:19:12",1
1223,3,ON,25.6,64,13,1,"2025-04-14 20:19:47",1
1224,3,ON,25.6,64,13,1,"2025-04-14 20:19:57",1
1225,2,ON,25.2,73,13,1,"2025-04-14 20:19:57",2
1226,2,ON,24.8,72,13,1,"2025-04-14 20:19:57",1
1227,3,ON,25.6,63,13,0,"2025-04-14 20:19:57",1
1228,2,ON,24.8,72,2,2,"2025-04-14 20:20:10",2
1229,1,ON,26.8,53,20,0,"2025-04-14 20:20:10",2
1230,1,ON,26.4,53,20,0,"2025-04-14 20:20:11",1
1231,3,ON,25.5,63,13,0,"2025-04-14 20:20:12",1
1232,2,ON,24.8,72,13,1,"2025-04-14 20:20:16",1
1233,1,ON,26.9,53,20,0,"2025-04-14 20:20:22",2
1234,3,ON,25.5,63,13,0,"2025-04-14 20:20:22",1
1235,2,ON,24.8,71,13,1,"2025-04-14 20:20:32",3
1236,3,ON,25.4,63,13,1,"2025-04-14 20:20:32",2
1237,3,ON,25.4,63,13,0,"2025-04-14 20:20:34",1
1238,1,ON,26,52,20,0,"2025-04-14 20:20:35",1
1239,3,ON,25.4,63,13,0,"2025-04-14 20:20:36",1
1240,2,ON,24.8,71,13,1,"2025-04-14 20:20:38",1
1241,3,ON,25.4,63,13,0,"2025-04-14 20:20:47",2
1242,3,ON,25.4,63,13,0,"2025-04-14 20:20:48",1
1243,1,ON,26.1,52,20,0,"2025-04-14 20:20:50",1
1244,3,ON,25.4,62,13,0,"2025-04-14 20:20:51",1
1245,2,ON,24.5,71,13,1,"2025-04-14 20:20:59",2
1246,1,ON,26.3,52,20,1,"2025-04-14 20:21:00",2
1247,3,ON,25.4,62,1,3,"2025-04-14 20:21:00",1
1248,2,ON,24.5,71,13,1,"2025-04-14 20:21:09",3
1249,3,ON,25.3,62,13,1,"2025-04-14 20:21:10",1
1250,1,ON,25,53,20,0,"2025-04-14 20:21:12",2
1251,2,ON,24.5,71,13,1,"2025-04-14 20:21:12",1
1252,3,ON,25.3,62,13,1,"2025-04-14 20:21:13",1
1253,1,ON,25.3,53,20,1,"2025-04-14 20:21:22",3
1254,2,ON,24.5,71,13,1,"2025-04-14 20:21:23",2
1255,2,ON,24.5,70,13,1,"2025-04-14 20:21:23",1
1256,3,ON,25.2,61,13,0,"2025-04-14 20:21:43",4
1257,2,ON,24.5,70,13,3,"2025-04-14 20:21:43",3
1258,1,ON,25.9,53,20,1,"2025-04-14 20:21:48",1
1259,3,ON,25.2,61,13,0,"2025-04-14 20:21:48",1
1260,2,ON,24.5,70,13,1,"2025-04-14 20:21:48",1
1261,3,ON,25.2,61,13,0,"2025-04-14 20:21:48",1
1262,1,ON,25,53,20,1,"2025-04-14 20:21:48",1
1263,1,ON,25.5,51,20,0,"2025-04-14 20:23:46",1
1264,1,ON,25.5,51,20,0,"2025-04-14 20:23:47",1
1265,3,ON,25,60,13,0,"2025-04-14 20:23:47",1
1266,2,ON,23.8,69,13,1,"2025-04-14 20:23:57",2
1267,3,ON,24.9,61,13,0,"2025-04-14 20:23:58",2
1268,3,ON,24.9,61,13,0,"2025-04-14 20:23:58",1
1269,1,ON,25.3,52,20,1,"2025-04-14 20:24:08",3
1270,1,ON,25.5,52,20,0,"2025-04-14 20:24:08",1
1271,3,ON,24.9,61,13,1,"2025-04-14 20:24:09",2
1272,2,ON,23.8,69,13,1,"2025-04-14 20:24:09",2
1273,3,ON,24.9,61,13,0,"2025-04-14 20:24:19",1
1274,3,ON,24.7,60,13,1,"2025-04-14 20:24:49",4
1275,2,ON,23.8,68,13,1,"2025-04-14 20:24:50",3
1276,3,ON,24.7,60,13,1,"2025-04-14 20:24:50",4
1277,2,ON,23.8,68,13,1,"2025-04-14 20:24:51",1
1278,1,ON,24.6,52,20,5,"2025-04-14 20:25:00",5
1279,2,ON,23.8,69,13,1,"2025-04-14 20:25:00",2
1280,1,ON,24.3,51,20,1,"2025-04-14 20:25:20",3
1281,1,ON,24.5,51,20,0,"2025-04-14 20:25:22",1
1282,3,ON,24.6,60,13,0,"2025-04-14 20:25:23",1
1283,2,ON,23.4,67,13,1,"2025-04-14 20:25:24",1
1284,1,ON,24.8,51,20,1,"2025-04-14 20:25:25",1
1285,3,ON,24.6,60,13,0,"2025-04-14 20:25:26",1
1286,2,ON,23.4,68,13,1,"2025-04-14 20:25:27",1
1287,3,ON,24.6,60,13,1,"2025-04-14 20:25:28",1
1288,2,ON,23.4,67,13,1,"2025-04-14 20:25:29",1
1289,1,ON,24.4,50,20,0,"2025-04-14 20:25:30",1
1290,2,ON,23.4,67,13,1,"2025-04-14 20:25:32",1
1291,1,ON,0,2,1,0,"2025-04-14 20:25:41",2
1292,3,ON,24.5,60,13,0,"2025-04-14 20:25:41",1
1293,2,ON,23.4,67,13,1,"2025-04-14 20:25:43",1
1294,1,ON,24.3,50,20,0,"2025-04-14 20:25:52",2
1295,1,ON,24.4,50,20,1,"2025-04-14 20:26:02",3
1296,1,ON,24.6,51,20,0,"2025-04-14 20:26:03",1
1297,1,ON,24.9,51,20,0,"2025-04-14 20:26:13",2
1298,1,ON,24.1,51,20,0,"2025-04-14 20:26:33",4
1299,1,ON,24,50,20,0,"2025-04-14 20:26:44",1
1300,2,ON,23.4,66,13,1,"2025-04-14 20:26:45",1
1301,1,ON,24.2,50,20,0,"2025-04-14 20:26:55",2
1302,2,ON,23.4,66,13,1,"2025-04-14 20:26:55",2
1303,1,ON,24.2,50,20,0,"2025-04-14 20:27:02",2
1304,1,ON,24.4,50,20,0,"2025-04-14 20:27:10",3
1305,2,ON,23.4,66,13,1,"2025-04-14 20:27:10",3
1306,3,ON,24.3,59,13,0,"2025-04-14 20:27:10",1
1307,1,ON,24.1,50,20,0,"2025-04-14 20:27:10",1
1308,2,ON,23.4,65,13,1,"2025-04-14 20:27:20",4
1309,2,ON,23.4,65,13,1,"2025-04-14 20:27:28",1
1310,1,ON,24.6,49,20,0,"2025-04-14 20:27:28",3
1311,2,ON,23.4,65,13,1,"2025-04-14 20:27:28",2
1312,1,ON,24.4,50,20,0,"2025-04-14 20:27:37",4
1313,3,ON,24.2,59,13,0,"2025-04-14 20:27:49",4
1314,1,ON,24.1,49,20,0,"2025-04-14 20:27:57",6
1315,2,ON,23.4,64,13,1,"2025-04-14 20:27:58",4
1316,1,ON,24.5,49,20,1,"2025-04-14 20:28:00",1
1317,1,ON,24.5,49,20,0,"2025-04-14 20:28:08",2
1318,3,ON,24.1,58,13,0,"2025-04-14 20:28:22",4
1319,3,ON,3,1,3,1,"2025-04-14 20:28:22",1
1320,1,ON,24.1,48,20,0,"2025-04-14 20:28:22",1
1321,3,ON,24.1,58,13,0,"2025-04-14 20:28:22",1
1322,2,ON,23.4,64,13,1,"2025-04-14 20:28:22",1
1323,3,ON,24.1,58,13,0,"2025-04-14 20:28:31",2
1324,3,ON,24.1,58,13,0,"2025-04-14 20:28:32",1
1325,1,ON,24.8,49,20,0,"2025-04-14 20:28:33",2
1326,3,ON,24.1,58,13,0,"2025-04-14 20:28:34",1
1327,2,ON,23.4,63,13,1,"2025-04-14 20:28:43",3
1328,2,ON,23.4,64,13,1,"2025-04-14 20:28:54",2
1329,3,ON,24.1,58,13,0,"2025-04-14 20:28:56",1
1330,1,ON,24.7,48,20,0,"2025-04-14 20:29:04",4
1331,3,ON,24,58,13,1,"2025-04-14 20:29:06",2
1332,3,ON,24,58,13,0,"2025-04-14 20:29:07",1
1333,2,ON,23,63,13,1,"2025-04-14 20:29:08",1
1334,3,ON,24,58,13,1,"2025-04-14 20:29:10",1
1335,2,ON,23,63,13,1,"2025-04-14 20:29:21",2
1336,3,ON,24,57,13,1,"2025-04-14 20:29:22",1
1337,2,ON,23,63,13,1,"2025-04-14 20:29:24",1
1338,3,ON,24,57,13,0,"2025-04-14 20:29:25",1
1339,1,ON,24.1,48,20,1,"2025-04-14 20:29:26",1
1340,2,ON,23,63,13,1,"2025-04-14 20:29:34",2
1341,3,ON,24,57,13,0,"2025-04-14 20:29:35",2
1342,3,ON,24,57,13,1,"2025-04-14 20:29:36",1
1343,3,ON,24,57,13,0,"2025-04-14 20:29:46",2
1344,1,ON,24.3,48,20,0,"2025-04-14 20:29:47",2
1345,3,ON,24,57,13,0,"2025-04-14 20:29:55",3
1346,3,ON,24,56,13,0,"2025-04-14 20:29:56",1
1347,2,ON,23,63,13,1,"2025-04-14 20:30:06",4
1348,1,ON,24.2,45,4,1,"2025-04-14 20:30:07",4
1349,3,ON,24,57,13,1,"2025-04-14 20:30:07",2
1350,1,ON,24,4,5,1,"2025-04-14 20:30:17",5
1351,3,ON,24,57,13,0,"2025-04-14 20:30:17",3
1352,2,ON,23,62,13,1,"2025-04-14 20:30:39",4
1353,2,ON,23,62,13,1,"2025-04-14 20:30:56",5
1354,2,ON,23,62,13,1,"2025-04-14 20:31:01",6
1355,3,ON,23.9,56,13,0,"2025-04-14 20:31:01",7
1356,3,ON,23.9,56,13,0,"2025-04-14 20:31:01",1
1357,2,ON,23,62,13,1,"2025-04-14 20:31:01",1
1358,1,ON,24.7,47,20,1,"2025-04-14 20:31:15",10
1359,2,ON,23,63,12,1,"2025-04-14 20:31:20",1
1360,3,ON,23.9,56,13,0,"2025-04-14 20:31:20",1
1361,1,ON,24.6,47,20,0,"2025-04-14 20:31:20",1
1362,2,ON,23,61,13,1,"2025-04-14 20:32:10",3
1363,2,ON,23,61,13,1,"2025-04-14 20:32:18",3
1364,3,ON,23.8,56,14,1,"2025-04-14 20:32:18",4
1365,2,ON,23,61,13,1,"2025-04-14 20:32:18",4
1366,3,ON,23.8,55,14,1,"2025-04-14 20:33:21",1
1367,3,ON,23.8,55,14,1,"2025-04-14 20:33:21",1
1368,2,ON,22.6,59,13,1,"2025-04-14 20:33:29",2
1369,3,ON,23.8,55,14,1,"2025-04-14 20:33:29",2
1370,3,ON,23.8,55,14,0,"2025-04-14 20:33:30",1
1371,2,ON,22.6,59,13,1,"2025-04-14 20:33:31",1
1372,1,ON,23.4,46,20,0,"2025-04-14 20:33:38",3
1373,1,ON,23.5,46,20,0,"2025-04-14 20:33:39",1
1374,3,ON,23.8,54,1,3,"2025-04-14 20:33:40",1
1375,2,ON,22.6,59,13,1,"2025-04-14 20:33:42",1
1376,3,ON,23.8,54,14,0,"2025-04-14 20:33:43",1
1377,2,ON,22.6,59,13,1,"2025-04-14 20:33:44",1
1378,3,ON,23.8,54,14,1,"2025-04-14 20:33:45",1
1379,2,ON,22.6,59,13,1,"2025-04-14 20:33:55",2
1380,2,ON,22.6,59,13,1,"2025-04-14 20:33:56",1
1381,3,ON,23.8,55,14,0,"2025-04-14 20:33:56",2
1382,1,ON,23.9,46,20,0,"2025-04-14 20:33:57",1
1383,2,ON,22.6,59,13,1,"2025-04-14 20:33:59",1
1384,3,ON,23.8,54,14,1,"2025-04-14 20:34:09",2
1385,3,ON,23.8,54,14,0,"2025-04-14 20:34:10",1
1386,1,ON,23.2,46,20,1,"2025-04-14 20:34:11",1
1387,1,ON,23.3,46,20,0,"2025-04-14 20:34:22",2
1388,1,ON,23.1,46,20,1,"2025-04-14 20:34:23",1
1389,3,ON,23.7,54,14,1,"2025-04-14 20:34:25",1
1390,2,ON,22.6,59,13,1,"2025-04-14 20:34:27",1
1391,3,ON,23.7,54,14,1,"2025-04-14 20:34:30",1
1392,1,ON,23.6,46,20,0,"2025-04-14 20:34:31",1
1393,3,ON,23.7,56,1,3,"2025-04-14 20:34:32",1
1394,1,ON,23.4,46,20,1,"2025-04-14 20:34:33",1
1395,3,ON,23.7,54,14,0,"2025-04-14 20:34:43",2
1396,1,ON,23,47,20,1,"2025-04-14 20:34:43",1
1397,2,ON,22.6,59,13,1,"2025-04-14 20:34:52",3
1398,3,ON,23.7,56,14,1,"2025-04-14 20:35:24",5
1399,2,ON,22.6,62,13,1,"2025-04-14 20:35:33",5
1400,3,ON,23.7,56,14,0,"2025-04-14 20:35:35",2
1401,3,ON,23.7,56,14,1,"2025-04-14 20:35:35",1
1402,1,ON,23.6,50,20,0,"2025-04-14 20:35:47",2
1403,2,ON,22.6,63,13,1,"2025-04-14 20:35:48",2
1404,2,ON,22.6,63,13,1,"2025-04-14 20:35:49",1
1405,1,ON,23.2,50,20,0,"2025-04-14 20:35:57",3
1406,2,ON,22.6,64,13,1,"2025-04-14 20:36:10",3
1407,2,ON,22.6,64,13,1,"2025-04-14 20:36:10",1
1408,1,ON,23.4,51,20,1,"2025-04-14 20:36:17",5
1409,1,ON,23.3,51,20,0,"2025-04-14 20:36:19",1
1410,2,ON,22.6,64,13,1,"2025-04-14 20:36:20",2
1411,1,ON,23.1,51,20,1,"2025-04-14 20:36:20",1
1412,3,ON,23.7,58,1,3,"2025-04-14 20:36:22",1
1413,1,ON,23.6,51,20,0,"2025-04-14 20:36:31",2
1414,3,ON,23.7,58,0,2,"2025-04-14 20:36:32",2
1415,1,ON,23.7,51,20,0,"2025-04-14 20:36:32",1
1416,3,ON,23.8,58,14,1,"2025-04-14 20:36:32",1
1417,1,ON,23.3,51,20,0,"2025-04-14 20:36:43",2
1418,1,ON,23.6,51,20,1,"2025-04-14 20:36:43",1
1419,3,ON,23.8,59,14,1,"2025-04-14 20:36:54",1
1420,3,ON,23.8,59,14,1,"2025-04-14 20:37:04",2
1421,2,ON,22.6,65,13,1,"2025-04-14 20:37:04",1
1422,3,ON,23.8,59,14,0,"2025-04-14 20:37:05",1
1423,1,ON,23.1,52,20,0,"2025-04-14 20:37:14",4
1424,2,ON,22.6,66,13,1,"2025-04-14 20:37:14",2
1425,3,ON,23.8,59,14,1,"2025-04-14 20:37:15",2
1426,3,ON,23.8,59,14,0,"2025-04-14 20:37:16",1
1427,1,ON,23.8,52,20,0,"2025-04-14 20:37:24",2
1428,3,ON,23.8,59,14,0,"2025-04-14 20:37:36",3
1429,3,ON,23.8,60,14,0,"2025-04-14 20:37:47",4
1430,3,ON,23.9,60,14,0,"2025-04-14 20:37:57",2
1431,3,ON,23.9,60,14,0,"2025-04-14 20:37:58",1
1432,3,ON,23.9,60,14,0,"2025-04-14 20:38:50",3
1433,3,ON,24,60,14,0,"2025-04-14 20:39:00",4
1434,2,ON,23,68,13,1,"2025-04-14 20:39:01",1
1435,3,ON,24,60,14,0,"2025-04-14 20:39:01",1
1436,2,ON,23,68,13,1,"2025-04-14 20:39:10",2
1437,2,ON,23,68,13,1,"2025-04-14 20:39:12",1
1438,1,ON,24.2,52,20,1,"2025-04-14 20:39:12",1
1439,3,ON,24,60,14,0,"2025-04-14 20:39:21",2
1440,2,ON,23,69,13,1,"2025-04-14 20:39:24",1
1441,3,ON,24,61,14,0,"2025-04-14 20:39:25",1
1442,2,ON,23,69,13,1,"2025-04-14 20:39:26",1
1443,3,ON,24,61,14,1,"2025-04-14 20:39:27",1
1444,1,ON,24.9,52,20,0,"2025-04-14 20:39:35",2
1445,1,ON,24.4,52,20,0,"2025-04-14 20:39:36",1
1446,2,ON,23,69,13,1,"2025-04-14 20:39:38",1
1447,3,ON,24,61,14,0,"2025-04-14 20:39:47",3
1448,1,ON,24.7,53,20,0,"2025-04-14 20:39:47",2
1449,1,ON,24.7,53,20,0,"2025-04-14 20:39:49",1
1450,3,ON,24,61,14,1,"2025-04-14 20:39:57",4
1451,2,ON,23,69,13,1,"2025-04-14 20:39:57",3
1452,1,ON,24.1,53,20,1,"2025-04-14 20:39:58",2
1453,3,ON,24,61,14,1,"2025-04-14 20:40:08",2
1454,2,ON,23,69,13,1,"2025-04-14 20:40:08",1
1455,3,ON,24,61,14,1,"2025-04-14 20:40:09",1
1456,1,ON,24.4,53,20,0,"2025-04-14 20:40:10",1
1457,2,ON,23,69,13,1,"2025-04-14 20:40:18",2
1458,2,ON,23,69,13,1,"2025-04-14 20:40:19",1
1459,3,ON,24,61,14,0,"2025-04-14 20:40:20",1
1460,1,ON,24,53,20,0,"2025-04-14 20:40:21",2
1461,2,ON,23,69,13,1,"2025-04-14 20:40:30",1
1462,1,ON,24.1,53,20,1,"2025-04-14 20:40:32",1
1463,3,ON,24,62,14,1,"2025-04-14 20:40:33",1
1464,1,ON,24.6,53,20,0,"2025-04-14 20:40:35",1
1465,3,ON,24,62,14,1,"2025-04-14 20:40:36",1
1466,2,ON,23,69,13,1,"2025-04-14 20:40:43",2
1467,3,ON,24,62,14,1,"2025-04-14 20:40:46",2
1468,2,ON,23,69,13,1,"2025-04-14 20:40:53",3
1469,2,ON,23,69,13,1,"2025-04-14 20:40:54",1
1470,1,ON,24.6,53,20,0,"2025-04-14 20:40:55",3
1471,3,ON,24,62,14,0,"2025-04-14 20:41:06",4
1472,3,ON,24,62,14,1,"2025-04-14 20:41:07",1
1473,2,ON,23,69,13,1,"2025-04-14 20:41:08",1
1474,1,ON,24,53,20,0,"2025-04-14 20:41:09",1
1475,2,ON,23,69,13,1,"2025-04-14 20:41:09",1
1476,3,ON,24,62,14,0,"2025-04-14 20:41:19",2
1477,3,ON,24,62,14,1,"2025-04-14 20:41:20",1
1478,1,ON,24.9,54,20,0,"2025-04-14 20:41:20",1
1479,2,ON,23,70,13,1,"2025-04-14 20:41:21",1
1480,3,ON,24,62,14,1,"2025-04-14 20:41:22",1
1481,2,ON,23,70,13,1,"2025-04-14 20:41:31",2
1482,1,ON,24.2,53,20,0,"2025-04-14 20:41:32",2
1483,2,ON,23,70,13,1,"2025-04-14 20:41:33",1
1484,3,ON,24,62,14,0,"2025-04-14 20:41:34",1
1485,1,ON,24.9,54,20,1,"2025-04-14 20:41:34",1
1486,3,ON,24,62,14,1,"2025-04-14 20:41:35",1
1487,1,ON,24.6,54,20,0,"2025-04-14 20:41:46",2
1488,2,ON,23,70,13,1,"2025-04-14 20:41:46",2
1489,3,ON,24,62,14,0,"2025-04-14 20:41:46",2
1490,2,ON,23,70,13,1,"2025-04-14 20:41:46",1
1491,1,ON,24.2,54,20,0,"2025-04-14 20:41:55",2
1492,3,ON,24.1,62,14,1,"2025-04-14 20:41:55",3
1493,2,ON,23,70,13,1,"2025-04-14 20:41:57",1
1494,2,ON,23,70,13,1,"2025-04-14 20:42:08",2
1495,2,ON,23,70,13,1,"2025-04-14 20:42:09",1
1496,3,ON,24.1,63,14,0,"2025-04-14 20:42:10",1
1497,1,ON,24.9,54,20,0,"2025-04-14 20:42:18",3
1498,2,ON,23,71,13,1,"2025-04-14 20:42:19",2
1499,3,ON,24.1,63,14,0,"2025-04-14 20:42:20",2
1500,1,ON,24,54,20,1,"2025-04-14 20:42:28",4
1501,3,ON,24.1,63,14,0,"2025-04-14 20:42:30",3
1502,3,ON,24.1,63,14,0,"2025-04-14 20:42:31",1
1503,1,ON,24.8,55,20,0,"2025-04-14 20:42:43",2
1504,3,ON,0,2,3,0,"2025-04-14 20:42:44",2
1505,2,ON,23,71,13,1,"2025-04-14 20:42:54",1
1506,1,ON,24.8,55,20,0,"2025-04-14 20:42:56",1
1507,3,ON,24.1,63,14,0,"2025-04-14 20:42:57",1
1508,1,ON,24.7,55,20,0,"2025-04-14 20:42:57",1
1509,2,ON,23,71,13,1,"2025-04-14 20:42:58",1
1510,3,ON,24.1,63,14,0,"2025-04-14 20:43:08",2
1511,3,ON,24.1,64,14,0,"2025-04-14 20:43:09",1
1512,3,ON,24.2,64,14,0,"2025-04-14 20:43:29",3
1513,1,ON,24.4,55,20,0,"2025-04-14 20:43:31",1
1514,3,ON,24.2,64,14,0,"2025-04-14 20:43:39",4
1515,1,ON,24.7,55,20,0,"2025-04-14 20:43:43",1
1516,2,ON,23,71,13,1,"2025-04-14 20:43:50",6
1517,1,ON,24.2,55,20,0,"2025-04-14 20:43:53",2
1518,2,ON,23,72,13,1,"2025-04-14 20:43:59",7
1519,2,ON,23,72,13,1,"2025-04-14 20:44:01",1
1520,3,ON,24.2,64,14,1,"2025-04-14 20:44:02",1
1521,1,ON,24,55,20,0,"2025-04-14 20:44:03",1
1522,2,ON,23.3,72,13,1,"2025-04-14 20:44:05",1
1523,2,ON,23.4,72,13,1,"2025-04-14 20:44:18",2
1524,1,ON,24.5,55,20,0,"2025-04-14 20:44:19",1
1525,3,ON,24.2,64,14,0,"2025-04-14 20:44:26",3
1526,1,ON,24.4,55,20,0,"2025-04-14 20:44:29",2
1527,2,ON,23.4,72,13,1,"2025-04-14 20:44:30",1
1528,1,ON,24.5,55,20,1,"2025-04-14 20:44:31",1
1529,3,ON,24.2,64,14,0,"2025-04-14 20:44:32",1
1530,1,ON,24.5,55,20,1,"2025-04-14 20:44:32",1
1531,2,ON,23.4,72,13,1,"2025-04-14 20:44:33",1
1532,3,ON,24.2,64,14,1,"2025-04-14 20:44:34",1
1533,1,ON,24.5,55,20,1,"2025-04-14 20:44:46",2
1534,3,ON,24.2,64,14,1,"2025-04-14 20:44:46",2
1535,3,ON,24.2,64,14,1,"2025-04-14 20:44:56",3
1536,1,ON,24.8,55,20,1,"2025-04-14 20:44:57",2
1537,3,ON,24.2,64,14,0,"2025-04-14 20:44:57",1
1538,2,ON,23.4,72,13,1,"2025-04-14 20:45:07",3
1539,3,ON,24.3,65,14,1,"2025-04-14 20:45:08",2
1540,3,ON,24.3,65,14,0,"2025-04-14 20:45:08",1
1541,1,ON,24.8,56,20,1,"2025-04-14 20:45:13",1
1542,2,ON,23.4,72,13,1,"2025-04-14 20:45:14",1
1543,1,ON,24.5,56,20,0,"2025-04-14 20:45:15",1
1544,3,ON,24.3,65,14,1,"2025-04-14 20:45:16",1
1545,2,ON,23.4,73,13,1,"2025-04-14 20:45:25",2
1546,3,ON,24.3,65,14,0,"2025-04-14 20:45:26",2
1547,1,ON,24.7,56,20,0,"2025-04-14 20:45:37",2
1548,3,ON,24.3,65,14,0,"2025-04-14 20:45:48",1
1549,1,ON,24.3,56,20,1,"2025-04-14 20:45:58",3
1550,3,ON,24.3,65,14,1,"2025-04-14 20:45:59",2
1551,3,ON,24.3,65,14,0,"2025-04-14 20:46:01",1
1552,1,ON,24.1,56,20,0,"2025-04-14 20:46:08",4
1553,2,ON,23.4,73,13,1,"2025-04-14 20:46:09",3
1554,1,ON,24.7,56,20,0,"2025-04-14 20:46:18",5
1555,2,ON,23.4,73,13,1,"2025-04-14 20:46:20",4
1556,3,ON,24.3,65,14,0,"2025-04-14 20:46:21",3
1557,2,ON,23.4,73,13,1,"2025-04-14 20:46:21",1
1558,1,ON,24.4,56,20,0,"2025-04-14 20:46:31",2
1559,3,ON,24.3,65,14,0,"2025-04-14 20:46:31",4
1560,3,ON,24.3,65,14,0,"2025-04-14 20:46:32",1
1561,1,ON,24,56,20,1,"2025-04-14 20:46:41",3
1562,1,ON,24.3,56,20,1,"2025-04-14 20:46:42",1
1563,3,ON,24.4,65,14,0,"2025-04-14 20:46:43",1
1564,2,ON,23.4,73,13,1,"2025-04-14 20:46:43",1
1565,2,ON,23.4,73,13,1,"2025-04-14 20:46:54",2
1566,3,ON,24.4,65,14,1,"2025-04-14 20:46:55",1
1567,1,ON,24.2,56,20,0,"2025-04-14 20:46:57",1
1568,3,ON,24.4,65,14,0,"2025-04-14 20:47:06",2
1569,2,ON,23.4,73,13,1,"2025-04-14 20:47:07",2
1570,3,ON,24.4,65,14,0,"2025-04-14 20:47:07",2
1571,3,ON,24.4,65,14,0,"2025-04-14 20:47:16",3
1572,3,ON,24.4,65,14,0,"2025-04-14 20:47:17",1
1573,1,ON,24.3,56,20,1,"2025-04-14 20:47:18",2
1574,3,ON,24.4,65,14,0,"2025-04-14 20:47:19",1
1575,1,ON,24,56,20,1,"2025-04-14 20:47:28",3
1576,3,ON,24.4,66,14,2,"2025-04-14 20:47:29",2
1577,1,ON,24.9,56,20,0,"2025-04-14 20:47:39",2
1578,3,ON,24.4,66,14,3,"2025-04-14 20:47:39",3
1579,1,ON,24.9,56,20,0,"2025-04-14 20:47:39",2
1580,3,ON,24.4,66,13,3,"2025-04-14 20:47:39",3
1581,1,ON,24.4,57,20,0,"2025-04-14 20:47:49",3
1582,3,ON,24.4,66,14,1,"2025-04-14 20:47:50",2
1583,1,ON,24,57,20,1,"2025-04-14 20:47:59",4
1584,2,ON,23.4,73,13,1,"2025-04-14 20:48:19",7
1585,3,ON,24.4,66,14,0,"2025-04-14 20:48:20",5
1586,3,ON,24.4,66,14,0,"2025-04-14 20:48:30",6
1587,2,ON,23.4,74,13,1,"2025-04-14 20:48:30",2
1588,2,ON,23.4,73,13,1,"2025-04-14 20:48:40",3
1589,2,ON,23.4,74,13,1,"2025-04-14 20:48:51",1
1590,3,ON,24.4,66,13,0,"2025-04-14 20:48:51",1
1591,2,ON,23.4,74,13,1,"2025-04-14 20:48:52",1
1592,1,ON,24.3,57,20,0,"2025-04-14 20:48:53",1
1593,3,ON,24.4,66,14,1,"2025-04-14 20:49:02",2
1594,1,ON,24.8,57,20,0,"2025-04-14 20:49:03",2
1595,1,ON,24.4,57,20,1,"2025-04-14 20:49:04",1
1596,1,ON,24.1,57,2,1,"2025-04-14 20:49:17",2
1597,2,ON,23.4,74,13,1,"2025-04-14 20:49:17",2
1598,3,ON,24.4,66,14,0,"2025-04-14 20:49:17",1
1599,2,ON,23.4,74,13,1,"2025-04-14 20:49:18",1
1600,3,ON,24.4,67,14,1,"2025-04-14 20:49:40",2
1601,3,ON,24.4,67,14,0,"2025-04-14 20:49:41",1
1602,1,ON,24.5,57,20,1,"2025-04-14 20:49:42",1
1603,2,ON,23.4,74,13,1,"2025-04-14 20:49:43",1
1604,1,ON,24,57,20,1,"2025-04-14 20:49:43",1
1605,3,ON,24.4,67,14,0,"2025-04-14 20:49:52",2
1606,2,ON,23.4,74,13,1,"2025-04-14 20:49:53",2
1607,1,ON,24,57,20,0,"2025-04-14 20:49:54",2
1608,3,ON,24.5,67,14,0,"2025-04-14 20:49:54",1
1609,2,ON,23.4,74,13,1,"2025-04-14 20:50:03",3
1610,1,ON,24.5,57,20,0,"2025-04-14 20:50:04",2
1611,2,ON,23.4,74,13,1,"2025-04-14 20:50:04",1
1612,1,ON,24.9,57,20,0,"2025-04-14 20:50:05",1
1613,3,ON,24.5,67,14,1,"2025-04-14 20:50:06",1
1614,1,ON,24.4,57,1,1,"2025-04-14 20:50:09",1
1615,3,ON,24.5,67,14,0,"2025-04-14 20:50:23",2
1616,2,ON,23.4,75,13,1,"2025-04-14 20:50:23",2
1617,3,ON,24.5,67,14,0,"2025-04-14 20:50:49",1
1618,3,ON,24.5,67,14,0,"2025-04-14 20:50:53",1
1619,1,ON,24.3,57,20,0,"2025-04-14 20:50:53",1
1620,2,ON,23.4,75,13,1,"2025-04-14 20:50:53",1
1621,1,ON,24.7,57,20,1,"2025-04-14 20:51:01",2
1622,3,ON,24.5,67,14,0,"2025-04-14 20:51:12",2
1623,1,ON,24.1,58,20,1,"2025-04-14 20:51:12",1
1624,2,ON,23.4,75,13,1,"2025-04-14 20:51:12",1
1625,3,ON,24.5,67,14,1,"2025-04-14 20:51:12",1
1626,2,ON,23.4,75,13,1,"2025-04-14 20:51:22",2
1627,3,ON,24.5,67,14,1,"2025-04-14 20:51:27",1
1628,2,ON,23.4,75,13,1,"2025-04-14 20:51:27",1
1629,3,ON,24.5,67,14,1,"2025-04-14 20:51:38",1
1630,1,ON,24.7,58,20,0,"2025-04-14 20:51:38",2
1631,2,ON,23.4,76,13,1,"2025-04-14 20:51:38",2
1632,2,ON,23.4,75,13,1,"2025-04-14 20:51:38",1
1633,3,ON,24.5,68,14,1,"2025-04-14 20:52:03",1
1634,3,ON,24.5,68,14,1,"2025-04-14 20:52:04",1
1635,1,ON,24.1,58,20,1,"2025-04-14 20:52:07",3
1636,1,ON,24.5,58,20,0,"2025-04-14 20:52:29",2
1637,3,ON,24.6,68,14,1,"2025-04-14 20:52:29",1
1638,2,ON,23.4,76,13,1,"2025-04-14 20:52:29",1
1639,3,ON,24.6,68,14,0,"2025-04-14 20:52:29",1
1640,3,ON,24.6,68,14,1,"2025-04-14 20:52:31",2
1641,2,ON,23.4,76,13,1,"2025-04-14 20:52:41",3
1642,3,ON,24.6,68,14,0,"2025-04-14 20:52:47",3
1643,2,ON,23.4,76,13,1,"2025-04-14 20:52:56",4
1644,3,ON,24.6,68,14,0,"2025-04-14 20:53:18",4
1645,3,ON,0,1,3,0,"2025-04-14 20:53:18",1
1646,1,ON,24.6,58,20,0,"2025-04-14 20:53:18",5
1647,1,ON,24.2,58,20,0,"2025-04-14 20:53:18",1
1648,3,ON,0,0,3,3,"2025-04-14 20:53:18",3
1649,1,ON,24.9,58,20,1,"2025-04-14 20:53:33",3
1650,1,ON,24.9,58,20,1,"2025-04-14 20:53:34",3
1651,3,ON,24.6,68,14,0,"2025-04-14 20:53:43",6
1652,2,ON,23.4,77,13,1,"2025-04-14 20:54:04",3
1653,1,ON,24.7,58,20,1,"2025-04-14 20:54:04",5
1654,2,ON,23.4,77,13,1,"2025-04-14 20:54:04",1
1655,3,ON,24.6,68,14,0,"2025-04-14 20:54:04",8
1656,1,ON,24.9,58,20,0,"2025-04-14 20:54:04",6
1657,2,ON,23.8,77,13,1,"2025-04-14 20:55:11",2
1658,2,ON,23.8,77,13,1,"2025-04-14 20:55:11",2
1659,1,ON,24.4,59,20,0,"2025-04-14 20:55:13",13
1660,2,ON,23.8,77,13,1,"2025-04-14 20:55:19",3
1661,1,ON,24.4,59,20,0,"2025-04-14 20:55:33",15
1662,3,ON,24.6,69,14,0,"2025-04-14 20:55:36",6
1663,2,ON,23.8,77,13,1,"2025-04-14 20:55:56",5
1664,3,ON,24.6,69,14,1,"2025-04-14 20:55:56",1
1665,1,ON,24,59,20,1,"2025-04-14 20:55:56",16
1666,2,ON,23.8,77,13,1,"2025-04-14 20:55:56",1
1667,1,ON,24.5,59,20,1,"2025-04-14 20:55:56",17
1668,2,ON,23.8,77,13,1,"2025-04-14 20:55:56",2
1669,2,ON,23.8,77,13,1,"2025-04-14 20:55:56",1
1670,3,ON,24.7,69,14,0,"2025-04-14 20:56:34",2
1671,1,ON,25.9,59,20,1,"2025-04-14 20:58:06",30
1672,1,ON,25.9,59,20,1,"2025-04-14 20:58:06",30
1673,2,ON,23.8,79,13,1,"2025-04-14 20:58:07",2
1674,3,ON,24.7,69,14,0,"2025-04-14 20:58:08",8
1675,1,ON,25.1,59,20,0,"2025-04-14 20:58:14",31
1676,2,ON,23.8,79,13,1,"2025-04-14 20:58:18",2
1677,3,ON,24.7,69,14,0,"2025-04-14 20:58:19",1
1678,1,ON,25.3,59,20,1,"2025-04-14 20:58:23",32
1679,2,ON,23.8,78,13,1,"2025-04-14 20:58:28",3
1680,2,ON,23.8,78,13,1,"2025-04-14 20:58:29",1
1681,1,ON,25.7,59,20,1,"2025-04-14 20:58:33",33
1682,3,ON,24.7,69,14,1,"2025-04-14 20:58:34",1
1683,2,ON,23.8,79,13,1,"2025-04-14 20:58:40",2
1684,1,ON,25.3,59,20,1,"2025-04-14 20:58:43",34
1685,1,ON,25.3,59,20,0,"2025-04-14 20:58:53",35
1686,2,ON,23.8,78,13,1,"2025-04-14 20:59:10",5
1687,3,ON,24.7,69,14,0,"2025-04-14 20:59:15",5
1688,1,ON,25.4,59,20,0,"2025-04-14 20:59:23",38
1689,1,ON,25.7,59,20,0,"2025-04-14 20:59:33",39
1690,3,ON,24.8,70,14,1,"2025-04-14 20:59:34",7
1691,2,ON,23.8,78,13,1,"2025-04-14 20:59:41",1
1692,1,ON,25.6,59,20,0,"2025-04-14 20:59:43",40
1693,3,ON,24.8,70,14,0,"2025-04-14 20:59:45",8
1694,2,ON,23.8,79,13,1,"2025-04-14 20:59:52",2
1695,1,ON,25.4,59,20,1,"2025-04-14 20:59:54",41
1696,2,ON,23.8,78,13,1,"2025-04-14 20:59:55",1
1697,1,ON,25.3,59,20,0,"2025-04-14 21:00:04",42
1698,2,ON,23.8,79,13,1,"2025-04-14 21:00:05",2
1699,1,ON,25.6,59,20,0,"2025-04-14 21:00:13",43
1700,3,ON,24.8,70,14,0,"2025-04-14 21:00:14",1
1701,1,ON,25.1,59,20,1,"2025-04-14 21:00:23",44
1702,2,ON,23.8,78,13,1,"2025-04-14 21:00:25",4
1703,1,ON,25.9,59,20,0,"2025-04-14 21:00:34",45
1704,3,ON,24.8,70,14,1,"2025-04-14 21:00:34",3
1705,2,ON,23.8,78,13,1,"2025-04-14 21:00:35",5
1706,1,ON,25.2,59,20,0,"2025-04-14 21:00:43",46
1707,1,ON,25.4,59,20,0,"2025-04-14 21:00:54",47
1708,3,ON,24.8,70,14,1,"2025-04-14 21:00:54",5
1709,2,ON,23.8,79,13,1,"2025-04-14 21:00:56",3
1710,1,ON,25.3,59,20,1,"2025-04-14 21:01:04",48
1711,3,ON,24.8,70,14,0,"2025-04-14 21:01:05",6
1712,1,ON,25.4,59,20,0,"2025-04-14 21:01:14",49
1713,3,ON,24.8,70,14,1,"2025-04-14 21:01:15",7
1714,2,ON,23.8,79,13,1,"2025-04-14 21:01:16",5
1715,3,ON,24.8,70,14,1,"2025-04-14 21:01:24",1
1716,1,ON,25.2,59,20,1,"2025-04-14 21:01:34",51
1717,3,ON,24.8,70,14,0,"2025-04-14 21:01:36",2
1718,3,ON,24.8,70,14,1,"2025-04-14 21:01:36",1
1719,1,ON,25.4,59,20,0,"2025-04-14 21:01:44",52
1720,2,ON,23.8,79,13,1,"2025-04-14 21:01:45",1
1721,3,ON,24.8,70,14,0,"2025-04-14 21:01:46",2
1722,1,ON,25.3,59,20,1,"2025-04-14 21:01:54",53
1723,2,ON,23.8,79,13,1,"2025-04-14 21:01:55",2
1724,3,ON,24.8,70,14,1,"2025-04-14 21:01:57",1
1725,1,ON,25.4,59,20,0,"2025-04-14 21:02:04",54
1726,3,ON,24.8,70,14,0,"2025-04-14 21:02:07",2
1727,1,ON,25.7,59,20,0,"2025-04-14 21:02:14",55
1728,2,ON,23.8,79,13,1,"2025-04-14 21:02:15",1
1729,1,ON,25.2,59,20,0,"2025-04-14 21:02:24",56
1730,2,ON,23.8,79,13,1,"2025-04-14 21:02:25",2
1731,1,ON,25.9,59,20,0,"2025-04-14 21:02:35",57
1732,2,ON,23.8,79,13,1,"2025-04-14 21:02:35",3
1733,3,ON,24.9,70,14,0,"2025-04-14 21:02:37",5
1734,3,ON,24.9,70,14,0,"2025-04-14 21:02:38",1
1735,1,ON,25.7,59,20,0,"2025-04-14 21:02:44",58
1736,3,ON,24.9,70,14,1,"2025-04-14 21:02:45",1
1737,2,ON,23.8,79,13,1,"2025-04-14 21:02:47",1
1738,1,ON,25.3,59,20,1,"2025-04-14 21:02:54",59
1739,1,ON,25.5,59,20,1,"2025-04-14 21:03:04",60
1740,2,ON,23.8,79,13,1,"2025-04-14 21:03:05",1
1741,3,ON,24.9,70,13,0,"2025-04-14 21:03:07",1
1742,2,ON,23.8,80,13,1,"2025-04-14 21:03:17",2
1743,1,ON,25.8,59,20,0,"2025-04-14 21:03:24",62
1744,1,ON,25.4,59,20,1,"2025-04-14 21:03:44",64
1745,2,ON,23.8,79,13,1,"2025-04-14 21:03:47",3
1746,3,ON,24.9,70,14,1,"2025-04-14 21:03:57",4
1747,3,ON,24.9,70,14,0,"2025-04-14 21:04:06",1
1748,2,ON,23.8,79,13,1,"2025-04-14 21:04:08",3
1749,1,ON,25.2,59,20,0,"2025-04-14 21:04:14",67
1750,3,ON,24.9,70,14,0,"2025-04-14 21:04:16",2
1751,2,ON,23.8,79,13,1,"2025-04-14 21:04:18",4
1752,1,ON,25,59,20,1,"2025-04-14 21:04:25",68
1753,3,ON,24.9,70,14,1,"2025-04-14 21:04:26",3
1754,3,ON,24.9,70,14,1,"2025-04-14 21:04:27",1
1755,1,ON,25.3,59,20,0,"2025-04-14 21:04:34",69
1756,3,ON,24.9,70,14,0,"2025-04-14 21:04:38",2
1757,3,ON,24.9,70,14,0,"2025-04-14 21:04:48",3
1758,1,ON,25.2,59,20,1,"2025-04-14 21:04:54",71
1759,3,ON,24.9,70,14,0,"2025-04-14 21:04:58",4
1760,1,ON,25.3,59,20,0,"2025-04-14 21:05:04",72
1761,2,ON,23.8,79,13,1,"2025-04-14 21:05:08",9
1762,3,ON,24.9,70,14,1,"2025-04-14 21:05:08",5
1763,2,ON,23.8,79,13,1,"2025-04-14 21:05:18",10
1764,3,ON,24.9,70,13,0,"2025-04-14 21:05:18",6
1765,1,ON,25,59,19,1,"2025-04-14 21:05:25",74
1766,2,ON,23.8,79,13,1,"2025-04-14 21:05:28",11
1767,3,ON,24.9,70,14,0,"2025-04-14 21:05:28",7
1768,3,ON,24.9,70,14,1,"2025-04-14 21:05:38",8
1769,1,ON,25.7,59,20,1,"2025-04-14 21:05:45",76
1770,3,ON,24.9,70,14,0,"2025-04-14 21:05:49",9
1771,2,ON,23.8,80,13,1,"2025-04-14 21:05:50",2
1772,2,ON,23.8,79,13,1,"2025-04-14 21:05:51",1
1773,1,ON,25.8,59,20,1,"2025-04-14 21:05:54",77
1774,3,ON,24.9,70,14,0,"2025-04-14 21:05:58",10
1775,2,ON,23.8,80,13,1,"2025-04-14 21:06:01",2
1776,1,ON,25.7,59,20,0,"2025-04-14 21:06:04",78
1777,3,ON,24.9,70,14,1,"2025-04-14 21:06:08",11
1778,3,ON,24.9,70,13,1,"2025-04-14 21:06:09",1
1779,2,ON,23.8,79,13,1,"2025-04-14 21:06:11",3
1780,1,ON,25.8,59,20,1,"2025-04-14 21:06:14",79
1781,3,ON,24.9,70,14,0,"2025-04-14 21:06:19",2
1782,2,ON,23.8,79,13,1,"2025-04-14 21:06:21",4
1783,3,ON,25,68,14,1,"2025-04-14 21:06:29",3
1784,2,ON,23.8,79,13,1,"2025-04-14 21:06:31",5
1785,2,ON,23.8,79,13,1,"2025-04-14 21:06:32",1
1786,1,ON,25.6,59,20,1,"2025-04-14 21:06:34",81
1787,2,ON,23.8,80,13,1,"2025-04-14 21:06:42",2
1788,2,ON,23.8,79,13,1,"2025-04-14 21:06:43",1
1789,1,ON,25,59,20,1,"2025-04-14 21:06:44",82
1790,1,ON,25.1,59,20,0,"2025-04-14 21:06:54",83
1791,2,ON,23.8,79,13,1,"2025-04-14 21:06:56",1
1792,1,ON,25.5,59,20,1,"2025-04-14 21:07:04",84
1793,3,ON,25,68,14,0,"2025-04-14 21:07:14",4
1794,3,ON,25,68,14,1,"2025-04-14 21:07:25",5
1795,1,ON,25.7,59,20,0,"2025-04-14 21:07:25",86
1796,2,ON,23.8,79,13,1,"2025-04-14 21:07:28",1
1797,3,ON,25,68,14,0,"2025-04-14 21:07:34",6
1798,1,ON,25,59,20,1,"2025-04-14 21:07:35",87
1799,2,ON,24,80,13,1,"2025-04-14 21:07:38",2
1800,3,ON,25,68,14,0,"2025-04-14 21:07:44",7
1801,1,ON,25.1,59,20,0,"2025-04-14 21:07:45",88
1802,3,ON,24.9,70,14,1,"2025-04-14 21:07:46",1
1803,1,ON,25.8,59,20,0,"2025-04-14 21:08:05",90
1804,3,ON,24.9,70,14,1,"2025-04-14 21:08:06",3
1805,3,ON,24.9,70,14,0,"2025-04-14 21:08:07",1
1806,1,ON,25.2,59,20,0,"2025-04-14 21:08:15",91
1807,3,ON,25,68,14,0,"2025-04-14 21:08:18",2
1808,2,ON,23.8,79,13,1,"2025-04-14 21:08:26",2
1809,1,ON,25.9,59,20,1,"2025-04-14 21:08:35",93
1810,2,ON,23.8,79,13,1,"2025-04-14 21:08:36",3
1811,3,ON,25,68,14,0,"2025-04-14 21:08:38",4
1812,3,ON,25,68,14,0,"2025-04-14 21:08:39",1
1813,1,ON,25.5,59,20,0,"2025-04-14 21:08:45",94
1814,2,ON,23.8,79,13,1,"2025-04-14 21:08:46",4
1815,2,ON,23.8,79,13,1,"2025-04-14 21:08:47",1
1816,1,ON,25.3,59,20,1,"2025-04-14 21:08:55",95
1817,2,ON,23.9,80,13,1,"2025-04-14 21:08:58",2
1818,1,ON,25.9,59,20,0,"2025-04-14 21:09:05",96
1819,2,ON,23.9,79,13,1,"2025-04-14 21:09:08",3
1820,2,ON,23.8,79,13,1,"2025-04-14 21:09:09",1
1821,3,ON,25,68,14,0,"2025-04-14 21:09:10",1
1822,1,ON,25.6,59,20,0,"2025-04-14 21:09:15",97
1823,2,ON,24.1,80,13,1,"2025-04-14 21:09:20",2
1824,1,ON,25.4,59,20,1,"2025-04-14 21:09:25",98
1825,2,ON,24.1,79,13,1,"2025-04-14 21:09:30",3
1826,3,ON,25,68,14,1,"2025-04-14 21:09:30",3
1827,1,ON,25.6,59,20,0,"2025-04-14 21:09:35",99
1828,3,ON,25,68,13,0,"2025-04-14 21:09:40",4
1829,3,ON,25,68,13,0,"2025-04-14 21:09:41",1
1830,1,ON,25.4,59,20,0,"2025-04-14 21:09:45",100
1831,3,ON,25,68,13,0,"2025-04-14 21:09:51",2
1832,1,ON,25.5,59,20,1,"2025-04-14 21:09:55",101
1833,3,ON,25,68,14,1,"2025-04-14 21:10:01",3
1834,2,ON,23.8,79,13,1,"2025-04-14 21:10:07",1
1835,2,ON,23.8,79,13,1,"2025-04-14 21:10:17",2
1836,2,ON,24,79,13,1,"2025-04-14 21:10:18",1
1837,3,ON,25,68,14,1,"2025-04-14 21:10:21",5
1838,1,ON,25.5,59,20,0,"2025-04-14 21:10:25",104
1839,3,ON,25,68,14,0,"2025-04-14 21:10:26",1
1840,2,ON,24.1,80,13,1,"2025-04-14 21:10:28",2
1841,2,ON,24.1,78,13,1,"2025-04-14 21:10:39",3
1842,1,ON,25.7,58,14,0,"2025-04-14 21:10:45",106
1843,1,ON,25.5,58,18,0,"2025-04-14 21:10:55",107
1844,2,ON,24.1,78,13,1,"2025-04-14 21:10:56",2
1845,3,ON,25,67,14,0,"2025-04-14 21:10:56",4
1846,1,ON,25.4,58,20,0,"2025-04-14 21:11:05",108
1847,2,ON,24.1,77,13,1,"2025-04-14 21:11:06",3
1848,3,ON,25,67,13,0,"2025-04-14 21:11:06",5
1849,1,ON,25.7,58,20,0,"2025-04-14 21:11:15",109
1850,2,ON,24.1,77,12,1,"2025-04-14 21:11:16",4
1851,1,ON,25.4,58,20,1,"2025-04-14 21:11:25",110
1852,2,ON,24.1,77,13,1,"2025-04-14 21:11:26",5
